Date,Close,High,Low,Open,Volume
2015-01-02,169.26751708984375,170.4622791732047,168.23755844745486,170.05029571624917,121465900
2015-01-05,166.21066284179688,168.39417086973643,165.90579900428042,168.22937994601787,169632600
2015-01-06,164.6450958251953,167.0345951519791,163.85408195469216,166.5154919065633,209151400
2015-01-07,166.69674682617188,167.03457628336741,165.518480156632,165.9634167647709,125346700
2015-01-08,169.65476989746094,169.8690093256582,168.08100276449525,168.0974730491747,147217800
2015-01-09,168.2952423095703,170.0832490055506,167.68550226657175,170.06676614689192,158567300
2015-01-12,166.97691345214844,168.58365921741313,166.37542104114945,168.42710347021386,144396100
2015-01-13,166.50726318359375,169.30874612804578,165.2136288785406,168.1881504357171,214553300
2015-01-14,165.5019989013672,165.69975549175481,163.61512015411023,164.50499337901047,192991100
2015-01-15,163.9858856201172,166.44953844924805,163.87053076429905,166.13643959644816,176613900
2015-01-16,166.13645935058594,166.293015081969,163.59863964809597,163.77991338204083,211879600
2015-01-20,166.49078369140625,167.03460497355746,164.9334864363293,166.77092947697275,130991100
2015-01-21,167.3312225341797,167.80912491052092,165.56793362900146,166.02935314471333,122942700
2015-01-22,169.819580078125,169.95140522448418,166.71322140038436,168.0810094473482,174356000
2015-01-23,168.88853454589844,169.81962137592882,168.7566967947412,169.56418101828424,117516800
2015-01-26,169.2840118408203,169.37464871062735,167.96567222959058,168.67428432824417,92009700
2015-01-27,167.05101013183594,168.18807560691968,166.22704344738466,167.24051894889425,134044600
2015-01-28,164.90870666503906,168.3281636862448,164.71919783080995,168.22929169842698,168514300
2015-01-29,166.43312072753906,166.68854851946722,163.70577903803246,165.10653318029964,173585400
2015-01-30,164.34017944335938,166.58137019560846,164.0765165992491,165.26303082958518,197729700
2015-02-02,166.37539672851562,166.46603359139985,163.0300930901773,164.83458263222118,163107000
2015-02-03,168.7814178466797,168.7896655642383,166.89453871856588,167.26532139923785,124212900
2015-02-04,168.13868713378906,169.2263294995467,167.68550281472338,168.02333226827574,134306700
2015-02-05,169.8360137939453,169.9843343391759,168.7236662820199,168.79782026826808,97953200
2015-02-06,169.36642456054688,170.75893084490582,168.84732131134493,170.1986267298921,125672000
2015-02-09,168.60833740234375,169.44053937917812,168.20458912716913,168.72369225628847,87219000
2015-02-10,170.40464782714844,170.66007563732708,168.64959373783665,169.63836439661247,96164200
2015-02-11,170.50344848632812,170.93191475424672,169.59709252553162,170.23978564104155,91087800
2015-02-12,172.14312744140625,172.20081114732452,170.53639483508027,171.29444271671267,97545900
2015-02-13,172.85179138183594,172.90122738880424,172.01134154515972,172.26678186905983,93670400
2015-02-17,173.1236572265625,173.29669577894558,172.2914553213974,172.53863529232316,76968200
2015-02-18,173.14016723632812,173.21432123923566,172.48922635017442,172.75290179082833,80652900
2015-02-19,173.01657104492188,173.3791185028344,172.40684356819395,172.54691643643517,91462500
2015-02-20,174.0547637939453,174.12891779378688,171.98659893162952,172.60457407578224,140896400
2015-02-23,174.03004455566406,174.03004455566406,173.42853970059855,173.80756998498592,74411100
2015-02-24,174.5244598388672,174.72221645817518,173.65929191691157,173.9559205595038,72472300
2015-02-25,174.37608337402344,174.87870358304232,174.03825399672306,174.40080137014448,73061700
2015-02-26,174.1700897216797,174.442000248671,173.56858496224385,174.28544455985167,72697900
2015-02-27,173.57693481445312,174.33498313603474,173.52749879368025,174.07130759492367,108076000
2015-03-02,174.67271423339844,174.7303853675397,173.62627295026957,173.675708943172,87491400
2015-03-03,173.95587158203125,174.7221672649512,173.0989516184424,174.24426499906545,110325800
2015-03-04,173.22259521484375,173.4368347015873,172.25855524271728,173.36266810931616,114497200
2015-03-05,173.41209411621094,173.6922398686798,172.90947376137532,173.54391927618923,76873000
2015-03-06,170.97315979003906,172.98364136740116,170.64357800508165,172.55517498876517,188128000
2015-03-09,171.68179321289062,172.03609304697724,171.01438184338554,171.17093761109476,89818900
2015-03-10,168.89674377441406,170.40460481846046,168.85554291190695,170.32221566618426,157121300
2015-03-11,168.50125122070312,169.3252182193374,168.41884949174425,169.1521796176192,110145700
2015-03-12,170.64356994628906,170.70947624197672,169.07802510982762,169.12746111796264,93993500
2015-03-13,169.59710693359375,171.32742986360563,168.5671483183235,170.37163782391494,162410900
2015-03-16,171.863037109375,171.9536739816204,169.6218458799786,170.32222285394192,136099200
2015-03-17,171.3521728515625,171.73119060870866,170.54467618631773,171.12969825417974,94510400
2015-03-18,173.41209411621094,174.07950535057307,170.24805139470664,170.88250948225874,228808500
2015-03-19,172.62106323242188,173.4203121205103,172.23379778880226,173.00009353333743,117917300
2015-03-20,174.144775390625,174.64963931072836,173.38334355895196,173.56542645661938,177715100
2015-03-23,173.805419921875,174.72410621804497,173.805419921875,174.15302924625576,71784500
2015-03-24,172.82882690429688,174.1364948299341,172.7626137919206,173.68130020424437,77805300
2015-03-25,170.29617309570312,173.26742723939157,170.25480096277474,173.03568772802535,159521700
2015-03-26,169.8907012939453,170.8011032627564,168.93890191840413,169.63413335156343,153067200
2015-03-27,170.27963256835938,170.45343089079788,169.58440139203606,169.77476877413443,118939000
2015-03-30,172.3570556640625,172.6550083422736,171.28939926730735,171.30594307303178,96180400
2015-03-31,170.85073852539062,172.23291668553748,170.7928099467254,171.53768533953814,126768700
2015-04-01,170.2465362548828,170.84244153316453,169.26163690247668,170.81761319897427,137303600
2015-04-02,170.85899353027344,171.3059161629543,169.9982358711629,170.1803187364033,86900900
2015-04-06,172.0094451904297,172.52258099944964,169.84101954187773,169.97343313110727,114368200
2015-04-07,171.5542755126953,172.7791867260063,171.52117526535696,172.0343111867044,81236300
2015-04-08,172.13363647460938,172.57228739816736,171.3887608837388,171.7777551184205,89351900
2015-04-09,172.89500427246094,173.1267438203654,171.47973864981995,171.96804608084307,85548900
2015-04-10,173.83853149414062,173.87991626544922,172.94468610394253,173.1433128000492,72722900
2015-04-13,173.05227661132812,174.32685688473805,173.0026199357931,173.69783865100243,74436600
2015-04-14,173.38331604003906,173.5653989088068,172.23289025765612,172.85362386603953,75099900
2015-04-15,174.1613311767578,174.66619513158932,173.7640651130928,173.84683466458407,99529300
2015-04-16,174.11170959472656,174.61657365132822,173.63167388280505,173.83031326910935,68934900
2015-04-17,172.10877990722656,173.1681645257431,171.3307915654402,172.9281530259111,191113200
2015-04-20,173.6812744140625,174.0123272979256,172.94467101293785,173.02742791947463,92189500
2015-04-21,173.474365234375,174.51719319671872,173.17641258386848,174.35993865494333,72559800
2015-04-22,174.32688903808594,174.50897196787125,172.89505394215035,173.81374049557195,78264600
2015-04-23,174.76547241210938,175.4110343214699,173.81367335066773,173.92954311314637,102585900
2015-04-24,175.17100524902344,175.4358576293068,174.72408264336593,175.17928977894266,61327400
2015-04-27,174.44273376464844,175.85799959038906,174.25236632887655,175.73385789650305,79358100
2015-04-28,174.99722290039062,175.04687956901284,173.25089182364948,174.41787405170209,86863500
2015-04-29,174.2772216796875,174.87311448837966,173.47440498267443,174.1116825690308,125684900
2015-04-30,172.53089904785156,174.09514774493385,171.83566758225587,173.7061535467671,161304900
2015-05-01,174.40130615234375,174.4426909164271,173.20949566834142,173.308808999056,103399700
2015-05-04,174.89793395996094,175.47728288946385,174.71585106370867,174.8234363177781,70927200
2015-05-05,172.89500427246094,175.01378569865037,172.75430616329453,174.6578918458168,113326200
2015-05-06,172.18321228027344,173.74746038938505,171.12382798568237,173.44123586592173,135060200
2015-05-07,172.8701934814453,173.29230048064142,171.75288039683915,172.0839333191981,88244900
2015-05-08,175.14620971679688,175.3448490392088,174.4509910316435,174.53376057319656,155877300
2015-05-11,174.310302734375,175.36968725587099,174.2358177200963,175.10484743992683,75708100
2015-05-12,173.78884887695312,174.3268255659375,172.6632514612277,173.48262434692913,119727600
2015-05-13,173.8219757080078,174.8151470066639,173.59023615928334,174.19441336639656,94667900
2015-05-14,175.63455200195312,175.72559345762346,174.5586109700841,174.83173533709504,95934000
2015-05-15,175.82485961914062,175.96555771670614,175.34482412981623,175.82485961914062,76510100
2015-05-18,176.37110900878906,176.61939234158868,175.5931208890644,175.65933398743005,74549700
2015-05-19,176.31317138671875,176.76010665253426,176.03177518460228,176.48698235205978,72114600
2015-05-20,176.1890411376953,176.93391645719115,175.87453205091077,176.41249615622908,76857500
2015-05-21,176.70223999023438,176.90915127827915,175.88286674318647,176.04840587671254,64764600
2015-05-22,176.28012084960938,176.73531551654153,176.21390773123392,176.32149299834063,57433500
2015-05-26,174.38475036621094,176.21385086306594,173.9709279815598,175.79174394825336,124308600
2015-05-27,176.0400848388672,176.27182442311454,174.43445155596746,174.84000214283043,93214000
2015-05-28,175.84144592285156,175.94903117523288,175.15449912119854,175.73384804161094,74974600
2015-05-29,174.74893188476562,175.81658817699767,174.48409210164976,175.77521603787758,124919600
2015-06-01,175.1048126220703,175.74209001155137,174.31853997593876,175.41103715023283,93338800
2015-06-02,174.9309844970703,175.61793111431808,174.02885480396475,174.64958832967415,91531000
2015-06-03,175.39450073242188,176.01523438986766,174.90619328615722,175.46071383801245,87820900
2015-06-04,173.9130401611328,175.3448624114101,173.59853103387678,174.6910284471704,151882800
2015-06-05,173.6150665283203,174.28545684704468,172.96122001408557,173.76403654187754,121704700
2015-06-08,172.5474090576172,173.65646284624262,172.47292404588495,173.50748019391892,89063300
2015-06-09,172.52255249023438,173.0605291764976,171.8935470015442,172.52255249023438,105034700
2015-06-10,174.59165954589844,174.9723816920857,173.22605074383483,173.2839793100126,134551300
2015-06-11,175.15447998046875,175.53518953133928,174.7985861354119,175.03032567825258,73876400
2015-06-12,173.81369018554688,175.03032912383966,173.5405658699242,174.33511048163183,135382400
2015-06-15,173.06881713867188,173.3502133600791,171.9763198618792,172.67982304425556,124384200
2015-06-16,174.0123291015625,174.09509863781517,172.74603349581696,172.9198318415462,85308200
2015-06-17,174.29371643066406,174.89790623101047,173.2757168567306,174.29371643066406,126708600
2015-06-18,176.1062774658203,176.56975658039715,174.32684601617157,174.8896384756267,165867900
2015-06-19,175.3245086669922,175.9399495901097,174.95025936778484,175.86510226832593,130478700
2015-06-22,176.22268676757812,176.80485366221058,176.01476911304607,176.2393237332209,70696000
2015-06-23,176.34742736816406,176.6801032203133,175.95655386360374,176.4305995037729,68476800
2015-06-24,175.0666961669922,176.4555848227745,175.04174705924612,176.08133551629476,92307300
2015-06-25,174.53445434570312,175.69047638090552,174.45960701090294,175.56573082290518,97107400
2015-06-26,174.5011749267578,175.1332401719745,173.9522691481202,174.89204853122945,104174800
2015-06-29,170.84181213378906,174.50948336281797,170.7669648083695,173.02911037205925,202621300
2015-06-30,171.199462890625,172.4220201506252,170.7254043778412,172.37210923589186,182925100
2015-07-01,172.5717010498047,173.01248558425087,171.78992842183146,172.76298179166304,135979900
2015-07-02,172.4136962890625,173.21210595550116,171.9978608293174,173.04577430966137,104373700
2015-07-06,171.9230194091797,172.69646729958498,170.93332895047834,171.1329345465305,117975400
2015-07-07,173.0041961669922,173.12894173452543,169.75235967684756,172.12262698231274,173820200
2015-07-08,170.10159301757812,171.9562149700581,169.86872625629306,171.67345000139576,164020100
2015-07-09,170.4093475341797,172.44695121445062,170.30123895596645,172.18912259799822,144113100
2015-07-10,172.55508422851562,172.9709197012884,170.45095775150864,172.39706471841532,129456900
2015-07-13,174.4595947265625,174.56770330578686,173.7693064102214,173.81089249005686,106069400
2015-07-14,175.21641540527344,175.52414226114598,174.35979541166097,174.41801846476596,81709600
2015-07-15,175.15814208984375,175.71535985792673,174.68408376593501,175.25793849896726,97914100
2015-07-16,176.56365966796875,176.56365966796875,175.96485585889977,176.20603473380666,106683300
2015-07-17,176.71340942382812,176.771632471626,176.14787936670868,176.5553899401361,89030000
2015-07-20,176.80487060546875,177.2955532715179,176.48884436968999,176.93794096279018,70446800
2015-07-21,176.10623168945312,176.92959006845186,175.80682979620676,176.67176154876014,77965000
2015-07-22,175.79022216796875,176.12289804391676,175.3910238071182,175.42428504956945,88667900
2015-07-23,174.80052185058594,176.0230786564389,174.44290958139894,175.92328224462605,90509100
2015-07-24,172.98753356933594,174.95858938613225,172.65487031166467,174.9003790266702,117755000
2015-07-27,171.98118591308594,172.61326379422815,171.54040143823062,172.10594413765847,132361100
2015-07-28,174.09365844726562,174.23504096722047,171.98953223744314,172.8128782471972,123544800
2015-07-29,175.29127502441406,175.51581702512468,174.07702995523832,174.2184124820789,105791300
2015-07-30,175.33282470703125,175.4991563105311,174.16847810195645,174.7839189942226,91304400
2015-07-31,175.0666961669922,175.8567808562914,174.78393115234425,175.83183174854534,103266900
2015-08-03,174.47622680664062,175.09166782096656,173.52812251933818,175.03345745882638,113965700
2015-08-04,174.13522338867188,174.8587728706928,173.65285283722847,174.40135142619573,81820800
2015-08-05,174.70907592773438,175.74033950870202,174.42629823558653,175.02510217498823,85786800
2015-08-06,173.2786102294922,175.00016212666623,172.69643053750892,174.8920408655341,116030800
2015-08-07,172.9459686279297,173.27031978540452,172.047762494086,173.1206251082429,117858000
2015-08-10,175.12493896484375,175.2080984366142,174.05207644959614,174.05207644959614,80270700
2015-08-11,173.5447235107422,174.21006260904733,172.78790012779152,173.7942272588926,126081400
2015-08-12,173.7526397705078,173.93560833830855,170.79189413196906,172.2473178456554,172123700
2015-08-13,173.536376953125,174.27656322198075,172.9957834909722,173.5945872916516,89383300
2015-08-14,174.1685333251953,174.24338066695876,173.20379195260463,173.34517449492176,72786500
2015-08-17,175.14149475097656,175.14149475097656,173.12054144421364,173.5779627760793,79072600
2015-08-18,174.6342315673828,175.21639859111397,174.40136475789032,174.86709837687528,71692700
2015-08-19,173.253662109375,174.6591750606617,172.44694044161014,173.89403946974545,172946000
2015-08-20,169.63595581054688,173.2287683747837,169.57773274202447,171.74839482739665,194327900
2015-08-21,164.52940368652344,169.61091178762499,164.27158781942728,167.77291409561514,346588500
2015-08-24,157.60162353515625,164.23835325792018,151.69675551920068,155.92996972210037,507244300
2015-08-25,155.7469482421875,162.55000728437562,155.45585847209603,162.53337032001124,369833100
2015-08-26,161.7266845703125,162.00112472480538,156.6618005297859,159.74730430872077,339257000
2015-08-27,165.72705078125,165.85179633033704,162.35046922286938,163.85579140320547,274143900
2015-08-28,165.73532104492188,166.2010545642235,164.60424848792363,165.08661897299652,160414400
2015-08-31,164.3963623046875,165.61060723271672,163.8474565417309,164.7622994799919,163298800
2015-09-01,159.48953247070312,161.98454517734268,158.62458762583853,160.6122805745164,256000400
2015-09-02,162.5167694091797,162.5583554809262,160.03006952607157,161.8597424703319,160269300
2015-09-03,162.6332244873047,164.71240144906955,162.14254176999756,163.22370363788403,152087800
2015-09-04,160.1714324951172,161.22765767536018,159.35639888743367,160.38767496572717,207081000
2015-09-08,164.19671630859375,164.34642361175145,162.3171453686945,162.9575352677576,116025700
2015-09-09,162.00111389160156,165.89333897786784,161.63518947998506,165.76859346144022,149347700
2015-09-10,162.88272094726562,164.02210581026137,161.55204267536854,161.80985857660508,158611100
2015-09-11,163.6229705810547,163.6895057893682,161.7849719359871,162.49189742031157,119691200
2015-09-14,163.01577758789062,163.84744832997723,162.5334070346458,163.7975501158982,79452000
2015-09-15,165.0533447265625,165.49412910761953,162.97416832901592,163.51474911626377,113806200
2015-09-16,166.4838409423828,166.6751343476377,165.01179288461722,165.3527809302056,99581600
2015-09-17,166.10958862304688,168.73767113237793,165.73533933874756,166.35078023734928,276046600
2015-09-18,163.39511108398438,166.09536955900396,162.98548197154713,163.61247780284123,223657500
2015-09-21,164.23948669433594,165.25938825858097,163.19449355908208,164.222763232418,105726200
2015-09-22,162.10765075683594,162.56745015318327,160.97905339818882,162.08257194942246,153890900
2015-09-23,161.84852600097656,162.7430334036775,161.2716878059459,162.27487856604756,92790600
2015-09-24,161.26333618164062,161.72313571426344,159.30711208604234,160.6363402979542,159378800
2015-09-25,161.22149658203125,163.0188791211191,160.3520554165464,162.71792068018357,155054800
2015-09-28,157.17527770996094,160.43566300840956,156.86596391285235,160.32697967158322,178515900
2015-09-29,157.26722717285156,158.62154647135236,156.27239201897913,157.39263395848164,159045600
2015-09-30,160.20166015625,160.36885653634806,158.37082981695073,159.14829872472652,163452000
2015-10-01,160.61964416503906,160.92060272676466,158.68849870907687,160.5778418844145,131079000
2015-10-02,163.01890563964844,163.04398445078434,158.10325455681826,158.64665856270764,211003300
2015-10-05,165.9197998046875,166.14552185113072,164.13077240443178,164.23945575202694,126320800
2015-10-06,165.35130310058594,166.3461383352216,164.69087323185235,165.7860236981285,110274500
2015-10-07,166.70567321777344,167.05678939157835,165.09219713262496,166.27930784108844,124307300
2015-10-08,168.21046447753906,168.49469955536287,166.02015014140514,166.32110868153157,153055200
2015-10-09,168.31076049804688,168.78727069095308,167.68376467414845,168.35256277089263,107069200
2015-10-12,168.46963500976562,168.6702655493343,167.95967779458655,168.3860304474352,56395600
2015-10-13,167.4078826904297,169.00463509494753,167.24068635759687,167.74227535609532,88038700
2015-10-14,166.6053466796875,167.9262195869361,166.3127562437158,167.349381311894,99106200
2015-10-15,169.16351318359375,169.17186853737633,166.89796219451011,167.26580186118926,134142200
2015-10-16,169.93260192871094,169.94931263384134,168.80400427550015,169.56476231562704,114580100
2015-10-19,170.0161590576172,170.0161590576172,168.979534275304,169.28884808857345,76523900
2015-10-20,169.79881286621094,170.40908516969702,169.33065807141278,169.58145892755792,78448500
2015-10-21,168.7455291748047,170.36734811869508,168.5783200358582,170.21687520116285,102038000
2015-10-22,171.5962677001953,171.8052663754029,168.74553546512635,169.6902008028033,174911700
2015-10-23,173.47720336914062,173.84504296738336,172.465657230236,173.25984940484398,144442300
2015-10-26,173.05087280273438,173.36018670593268,172.68303315770692,173.30167372036806,69033000
2015-10-27,172.71644592285156,173.05083857604924,172.03927975229385,172.38204051339181,77905800
2015-10-28,174.6810302734375,174.7061090853593,172.39041374283119,173.05084371720903,135906700
2015-10-29,174.58078002929688,174.94861974946144,174.06246738157438,174.17950613287516,90525500
2015-10-30,173.8282928466797,175.0906524339745,173.6694646411279,174.77297051034887,131076900
2015-11-02,175.88485717773438,176.07713231346827,174.02894863279155,174.15435544360557,86270800
2015-11-03,176.39486694335938,176.94662646070492,175.30807137302392,175.5337934948954,95246100
2015-11-04,175.8597869873047,176.8128201174033,175.3247510678855,176.68742605670448,96224500
2015-11-05,175.68426513671875,176.37814220541284,174.79811287625287,175.918342610945,78408700
2015-11-06,175.59230041503906,175.8263906391281,174.2714401707186,175.34151223970306,110471500
2015-11-09,173.95372009277344,175.13247528409406,173.0090423180787,174.9819896555417,131008700
2015-11-10,174.35504150390625,174.38848843328879,173.20973291974082,173.47724457347127,75874600
2015-11-11,173.66949462890625,174.6726854349463,173.6026135410018,174.62252780808376,67846000
2015-11-12,171.2451629638672,173.10107234492475,171.22845225323974,172.6329173220035,121315200
2015-11-13,169.32229614257812,171.10296825429884,169.2387043583204,170.83545668590742,153577100
2015-11-16,171.8971710205078,171.95569675375208,169.02134813351492,169.13839960000348,117645200
2015-11-17,171.77182006835938,173.0843250227058,171.2785862912092,172.20654085384277,121123700
2015-11-18,174.4971466064453,174.63926415551094,172.2065296016327,172.24831912597872,121342500
2015-11-19,174.3466796875,174.76467699542673,174.05407646944508,174.3801138593773,88220500
2015-11-20,174.9820098876953,175.65916340382003,174.60581490721088,175.09904860954077,94011500
2015-11-23,174.7813720703125,175.54211735241194,174.32157255502375,175.04052831813067,64931200
2015-11-24,175.0155029296875,175.4167768308586,173.3936711022757,173.7782215369867,98874400
2015-11-25,174.9904022216797,175.3415184358229,174.73123317089866,175.14087513219863,51980100
2015-11-27,175.19107055664062,175.3917139035424,174.60587674017933,175.0823871492019,37317800
2015-11-30,174.46368408203125,175.46687487233424,174.35500072135858,175.34983615940328,112822700
2015-12-01,176.12733459472656,176.24438608367103,174.81482971798422,175.0907094642138,97858400
2015-12-02,174.32997131347656,176.3948792138749,174.079170355758,176.077197150347,108441300
2015-12-03,171.8888397216797,174.84825481223766,171.1698838993245,174.58074318982835,166224200
2015-12-04,175.24114990234375,175.53375305796652,171.88881680030758,171.88881680030758,192913900
2015-12-07,174.1794891357422,175.33315306990883,173.2180876416264,174.91515574801483,102027100
2015-12-08,173.00909423828125,174.12932403349623,172.03098200607715,172.6245438339615,103372400
2015-12-09,171.66307067871094,174.45528864716988,170.69331420560488,172.37367095351095,162401500
2015-12-10,172.10618591308594,173.41033530936133,171.4959134917548,171.7299909343548,116128900
2015-12-11,168.7705841064453,170.6599272002176,168.46125744818977,169.9994971174157,211173300
2015-12-14,169.623291015625,169.74869785330552,167.1571096164172,168.92942675677097,182385200
2015-12-15,171.40396118164062,172.30683682436776,169.59820989618638,171.12808145000753,154069600
2015-12-16,173.91195678710938,174.212915355384,171.2116977827036,172.52420268027265,197017000
2015-12-17,171.2618408203125,174.2881369527101,171.2451173578712,174.22125585920915,173092500
2015-12-18,168.21083068847656,170.65804374797423,168.0510443280171,170.52349829427862,251393500
2015-12-21,169.5983428955078,169.7749521630845,168.26960934688023,169.37969541238357,99094300
2015-12-22,171.1373748779297,171.43171947619464,169.49748613718208,170.48141938163064,111026200
2015-12-23,173.2566375732422,173.29868863836353,172.04563875797493,172.1381459683685,110987200
2015-12-24,172.970703125,173.51734132331308,172.75205554498507,173.00434911096158,48539600
2015-12-28,172.57546997070312,172.61750820754412,171.50743441193845,172.2811253197084,65899900
2015-12-29,174.41712951660156,174.74510722179696,173.63503377043588,173.66866691591562,92640700
2015-12-30,173.18092346191406,174.25737672780107,173.03796012033254,174.1732746058439,63317700
2015-12-31,171.44854736328125,173.14731033221142,171.44854736328125,172.5081777608578,114877900
2016-01-04,169.0518035888672,169.06020866980782,167.00823968804477,168.6060904875054,222353500
2016-01-05,169.33775329589844,169.79187153979706,168.23608443056781,169.37138645640758,110845800
2016-01-06,167.20167541503906,168.24447008885522,166.17569090344355,166.79800054241517,152112600
2016-01-07,163.190185546875,166.0410725383736,162.80333380862086,164.26662582004272,213436100
2016-01-08,161.39894104003906,164.70395940691208,161.11301435487553,164.14891619534833,209817200
2016-01-11,161.55874633789062,162.6520098984036,159.63293069448645,162.31561420091603,187941300
2016-01-12,162.86224365234375,163.61070639481204,160.74299578460875,162.99680192411364,172330500
2016-01-13,158.80032348632812,163.87137018171097,158.4218896556032,163.52656949568546,221168900
2016-01-14,161.4073486328125,162.5258401527385,157.8164163570412,159.40584897331868,240795600
2016-01-15,157.9425048828125,158.74142346854745,156.01669006742281,157.06790210975257,324846400
2016-01-19,158.1527862548828,159.87677699547342,156.5885818372409,159.75063665218838,195244400
2016-01-20,156.12599182128906,157.68179062162656,152.2323115307527,155.60459480659685,286547800
2016-01-21,157.00071716308594,158.8340259050222,155.27672581323577,156.5970550897379,195772900
2016-01-22,160.22161865234375,160.42344325317322,158.8424282738754,159.59929619135528,168319600
2016-01-25,157.799560546875,159.91038996193646,157.60614110085402,159.71697051591548,130371700
2016-01-26,159.9524383544922,160.2299599022607,158.1191305223105,158.45551327781075,141036800
2016-01-27,158.21168518066406,161.09620602958827,157.3118411497996,159.43108907549262,185681700
2016-01-28,159.0358123779297,159.95246645505898,157.39592370045483,159.75064189917398,143798800
2016-01-29,162.91270446777344,163.04726274340183,159.68338284579292,159.8011181289219,210529300
2016-02-01,162.85382080078125,163.6359295035617,161.33166729007863,161.91193859132608,136061600
2016-02-02,159.91883850097656,161.44099195956736,159.3974284395795,161.43258688019307,182564900
2016-02-03,160.87750244140625,161.2811642950244,157.3454323498448,160.97000961954572,205054900
2016-02-04,161.12979125976562,162.09690123151802,159.75060153689353,160.38132877903953,139531800
2016-02-05,158.06028747558594,161.18869647745353,157.42956006121233,160.61684311453553,180788300
2016-02-08,155.9326171875,156.52129347506644,153.72928044024542,156.22696174737354,191526700
2016-02-09,155.9410400390625,157.21091278145332,154.06568078343693,154.20023904512558,184513100
2016-02-10,155.8064727783203,158.3882432977866,155.68031961359517,156.76517780220183,148214100
2016-02-11,153.77972412109375,154.82253119760546,152.29120411779243,153.34241627195277,219058900
2016-02-12,156.95021057128906,156.96702072947815,154.70482256358872,155.54579243158952,127632400
2016-02-16,159.5992431640625,159.6244712307841,157.79116327738643,158.74986830934805,120250700
2016-02-17,162.20626831054688,162.576297096638,160.6336459696596,160.75979914610784,136009500
2016-02-18,161.5418701171875,162.5342210575681,161.23071542769725,162.47534701783775,102343000
2016-02-19,161.46624755859375,161.6176160062314,160.16274143113696,160.76824088605645,114793000
2016-02-22,163.8041229248047,163.94708627390327,162.97155806950747,163.03883720417437,103640300
2016-02-23,161.7353057861328,163.41724525812413,161.6175577042008,163.14812878315922,111455300
2016-02-24,162.4753875732422,162.75290918942966,159.21243297748072,160.31410153035105,150812200
2016-02-25,164.44326782226562,164.4516857348463,162.16424631288385,162.92111417848423,110728300
2016-02-26,164.06483459472656,165.40197381805424,163.90504824121246,165.30947943673962,129833700
2016-02-29,162.7781982421875,165.0235872519662,162.5847786792384,164.08170468575753,125918100
2016-03-01,166.6045379638672,166.6886400819756,163.52658522451452,163.99752628868575,141799700
2016-03-02,167.35305786132812,167.40351401657878,165.88136011631644,166.2934401045067,102415000
2016-03-03,168.00900268554688,168.02582568027182,166.60458418236553,167.17643768116196,95172200
2016-03-04,168.55560302734375,169.32930668334234,167.37825021549065,168.2023971837878,129293600
2016-03-07,168.69012451171875,169.09379924390373,167.56322809010834,167.63891229032535,100219000
2016-03-08,166.8484344482422,168.12671237675397,166.6886609353385,167.6221381015242,123974900
2016-03-09,167.67257690429688,168.01736479878008,166.87364526149202,167.65575391387418,94801200
2016-03-10,167.80712890625,169.09382466427428,165.9906436670618,168.16034755805737,156838700
2016-03-11,170.51502990722656,170.5570809631396,167.79029600171765,169.25357522291893,137964500
2016-03-14,170.29632568359375,170.75044357259242,169.68242153463265,170.01039913006954,73612000
2016-03-15,170.01885986328125,170.32160949911452,169.07697781054694,169.33767639070157,93169100
2016-03-16,171.00283813476562,171.4065129772771,169.49750746847482,169.53955853525943,129303200
2016-03-17,172.08763122558594,172.5922053386793,170.52342709385636,170.91868387347796,134278500
2016-03-18,172.7638702392578,173.1019879218968,172.2735905705773,172.58635007193652,138372400
2016-03-21,173.00904846191406,173.23728505094533,172.27363521748302,172.5018718065143,72926700
2016-03-22,172.91604614257812,173.4824004429276,172.07920023384244,172.23979777406544,97471900
2016-03-23,171.77490234375,172.72164239357073,171.6058305648256,172.53567375544654,81052500
2016-03-24,171.69882202148438,171.73264153802145,170.53230666828148,170.75208193230722,84360900
2016-03-28,171.8002471923828,172.32433355093423,171.35223538942148,172.1130067420519,62408200
2016-03-29,173.38943481445312,173.49932889445788,171.09019785277664,171.3945090064799,92922900
2016-03-30,174.1502685546875,174.8687722475735,173.78677959374645,174.38695364156405,86365300
2016-03-31,173.7275848388672,174.47990792789705,173.56697436507974,174.0572542172428,94584100
2016-04-01,174.91099548339844,175.09696413244765,172.4257898082557,172.7385622989475,114423500
2016-04-04,174.34461975097656,175.03777788495927,174.04030862602207,174.8348995022013,63497000
2016-04-05,172.60330200195312,174.35308142963854,172.34970722882548,173.00904589993777,99662200
2016-04-06,174.4883270263672,174.54750472712718,172.42577520136052,172.60329540527508,91839800
2016-04-07,172.40040588378906,173.76135103137932,171.67344115467193,173.4063235448381,113859000
2016-04-08,172.8653564453125,174.00652654940822,172.33280867695225,173.5754115375483,95040600
2016-04-11,172.45957946777344,174.19246181661242,172.366595159347,173.4993037177311,83757500
2016-04-12,174.06568908691406,174.3446420620173,172.18910572594083,172.62866916231863,115350600
2016-04-13,175.82391357421875,175.90844946124486,174.84335403752408,174.97860629741962,96336400
2016-04-14,175.8323974609375,176.33113865758003,175.485831210321,175.8831267424022,65212900
2016-04-15,175.637939453125,175.96760876484055,175.3167185705019,175.83235650917135,75761600
2016-04-18,176.8720703125,176.90587692276193,174.97857767874913,175.6379162149449,82531000
2016-04-19,177.43002319335938,177.68361800031167,176.61853528915324,177.29478380823682,88316100
2016-04-20,177.59906005859375,178.2922053029783,176.99888623015522,177.47225623087934,81100300
2016-04-21,176.6438446044922,177.7258367763028,176.37334011235748,177.61594271407756,85695000
2016-04-22,176.6438446044922,176.9143361982628,175.74782104643316,176.28881713233847,99251700
2016-04-25,176.33953857421875,176.3818065146266,175.43505366327625,176.04367588972843,66166500
2016-04-26,176.60157775878906,177.1087672355,176.1282077929864,176.7030104947856,75864200
2016-04-27,176.9651336669922,177.3539679013381,175.8662313163132,176.2212589252952,77329400
2016-04-28,175.3590087890625,177.31166672176528,174.9448164387114,176.2127774753617,97216200
2016-04-29,174.41226196289062,175.08851040274934,173.313359860416,174.7419313037964,142424100
2016-05-02,175.79852294921875,175.97603022150804,174.47984590447453,174.91094789268305,62188000
2016-05-03,174.26853942871094,174.80953553313523,173.52466494824083,174.57285054359738,106422100
2016-05-04,173.29644775390625,174.00651570023666,172.79771953438598,173.27955089445425,92243800
2016-05-05,173.26268005371094,174.11643598897822,172.8400263018891,173.76140838525217,67619200
2016-05-06,173.89663696289062,173.93890491198147,172.3412744639378,172.49342360262426,89315000
2016-05-09,174.04029846191406,174.47140048943743,173.59228667889047,173.769806865732,74374900
2016-05-10,176.20431518554688,176.22122494415262,174.67431094007443,174.74193707613085,77472200
2016-05-11,174.55596923828125,176.28039057145557,174.55596923828125,175.74785570738067,81727000
2016-05-12,174.6067352294922,175.392878002111,173.60081712499507,175.22380616395964,89586300
2016-05-13,173.0850830078125,174.86023313720838,172.76387506983315,174.31078866296656,96474600
2016-05-16,174.79261779785156,175.26598775531772,173.19498774222131,173.25416543608657,77486800
2016-05-17,173.1612091064453,174.8095557954899,172.63710979883587,174.52215440321876,114924900
2016-05-18,173.2119598388672,174.38693672702755,172.1299672899872,172.81466428906626,120062100
2016-05-19,172.6117706298828,172.8991720538204,171.41143565487803,172.49342810835748,115430500
2016-05-20,173.70216369628906,174.21780155234842,173.16961608638888,173.22033244954835,104990400
2016-05-23,173.46554565429688,173.9980805712717,173.2795769853952,173.7191275679192,58682600
2016-05-24,175.71408081054688,176.026853382983,174.25170232297666,174.27706051825933,93537800
2016-05-25,176.90585327148438,177.32005835740526,175.71396726987734,176.39021546997535,76621400
2016-05-26,176.95664978027344,177.26942229227382,176.6438901666405,177.0411856804611,55280700
2016-05-27,177.7174072265625,177.72585565595264,177.0665170092885,177.11723338236027,64211200
2016-05-31,177.3792724609375,178.09778879176213,176.82136657335826,177.98789472041207,109879400
2016-06-01,177.74276733398438,177.92027464165395,176.57623914726463,176.7706562122627,69936200
2016-06-02,178.28375244140625,178.30064929932263,176.8720909034982,177.3454608924536,63044700
2016-06-03,177.751220703125,178.09779979697967,176.5508858667569,177.72586251561034,101757100
2016-06-06,178.65567016601562,179.010697618935,177.94560236181349,178.10621278302153,64887000
2016-06-07,178.9346466064453,179.4925525310708,178.7824974806562,178.80785566828771,60974800
2016-06-08,179.51792907714844,179.6447329266397,178.94312623423025,179.06991718535417,66170900
2016-06-09,179.2727508544922,179.39109334545566,178.52042796943206,178.79091956376394,73786900
2016-06-10,177.57363891601562,178.24142573777414,177.03263008029356,177.9033081138084,113829200
2016-06-13,176.20431518554688,177.82730375580104,176.11979218925129,176.97354797252618,117751200
2016-06-14,175.85769653320312,176.4494218660545,174.9109566380228,175.8238899219597,125059300
2016-06-15,175.61260986328125,176.9735552739446,175.42664120604522,175.85774333052848,109124500
2016-06-16,176.1366424560547,176.30571420065445,173.78668966778545,175.61255616321228,149533100
2016-06-17,175.48069763183594,176.05848954865775,174.8264225780127,176.03299949147097,117055700
2016-06-20,176.61082458496094,178.10629762797106,176.52584907431972,177.43503776949882,82789600
2016-06-21,177.11216735839844,177.52002133379412,176.5513600388268,176.9932094086812,72461700
2016-06-22,176.82325744628906,178.0128368500405,176.67879647935067,177.29058387712084,95560500
2016-06-23,179.12591552734375,179.1768956408914,177.81737840633824,178.2762123937077,102731400
2016-06-24,172.69369506835938,179.15993738952622,172.25184574324885,173.02507882083157,333444400
2016-06-27,169.60079956054688,171.30020631780508,168.79357097849353,171.29170098613423,230775800
2016-06-28,172.6597137451172,172.68520380773475,170.89232926611692,171.19822298297166,159382400
2016-06-29,175.5996856689453,175.8290962229699,173.95125920581162,174.0532194520448,137328600
2016-06-30,177.99586486816406,178.0468449977692,175.51473249230278,176.06704748239667,165021900
2016-07-01,178.36968994140625,178.85402697728696,177.83437278921002,177.99581846783693,106055300
2016-07-05,177.08663940429688,177.6559389679489,176.49184978297694,177.54547340776043,109803700
2016-07-06,178.14874267578125,178.26770058289569,175.9395095831541,176.59378455500314,96021500
2016-07-07,178.03831481933594,178.989978277703,177.27358710678274,178.32721080270562,85593800
2016-07-08,180.6893768310547,180.9357980149797,179.10043602644689,179.32985951637392,133971000
2016-07-11,181.32667541503906,181.89598802426735,180.94431153075868,181.14824498624836,73633900
2016-07-12,182.64369201660156,182.94109330937678,181.3521395804779,182.28681824453608,101275600
2016-07-13,182.61817932128906,183.06852090393517,182.13385532118124,183.06002854092966,87324100
2016-07-14,183.63787841796875,184.10521783972584,183.24702214918557,183.87579431169166,91230900
2016-07-15,183.39141845703125,184.3940618742788,182.9495692223499,184.1986337949821,107155400
2016-07-18,183.88426208496094,184.0457077581789,183.25547708543868,183.5103906239175,58725900
2016-07-19,183.69735717773438,183.73133960469437,183.2215254076342,183.46793365806346,54345700
2016-07-20,184.4620819091797,184.6999977903,183.6973541434992,183.6973541434992,58159500
2016-07-21,183.76535034179688,184.5725659452951,183.3235009617616,184.35164773799968,67777300
2016-07-22,184.5894775390625,184.64045764270085,183.62081667361855,183.88422251937567,62787500
2016-07-25,184.0881805419922,184.43656194194426,183.51038862880034,184.38558182789097,55873100
2016-07-26,184.1731414794922,184.53001521508753,183.331930767806,183.98620576578415,70080500
2016-07-27,183.977783203125,184.6150607510633,183.2130423663321,184.54708292342983,84083900
2016-07-28,184.190185546875,184.47908155336592,183.32348456195902,183.7823186331244,65035700
2016-07-29,184.48757934570312,184.8444531816505,183.64638136291416,183.926785012325,79519400
2016-08-01,184.3346405029297,184.93792260009536,183.88429878010672,184.54706633314595,73311400
2016-08-02,183.15354919433594,184.24116838280028,182.32084358935867,184.08821504653068,92295500
2016-08-03,183.68885803222656,183.7483434882138,182.7966799159683,183.09406829957314,53993600
2016-08-04,183.88426208496094,184.1986481020015,182.04890016644285,183.7992865836543,46585500
2016-08-05,185.38829040527344,185.43077817038306,183.88432465086828,183.88432465086828,71892200
2016-08-08,185.27783203125,185.67719367309894,185.01442604735925,185.57522044690774,39906500
2016-08-09,185.38829040527344,185.8811199565648,185.06541191442057,185.34581560560937,51251700
2016-08-10,184.92942810058594,185.5751979494322,184.58104663134466,185.49872776314322,57941100
2016-08-11,185.7876434326172,186.0340646795433,185.19285364503773,185.45625962486258,72504300
2016-08-12,185.62619018554688,185.83861601233525,185.22682859394925,185.4817292137405,61313500
2016-08-15,186.16148376464844,186.50986521228654,185.9830533410386,185.99154570606294,49813500
2016-08-16,185.2012939453125,185.81306825097215,185.2012939453125,185.7451034123525,53213600
2016-08-17,185.5496826171875,185.68563824014774,184.40259108274523,185.23529658385354,75134300
2016-08-18,185.96600341796875,185.99998583396496,185.4137016413162,185.52415421738323,52989300
2016-08-19,185.69415283203125,185.87259622920638,185.0144005667477,185.4987247040344,75443000
2016-08-22,185.68563842773438,185.91506192103134,185.09084878348472,185.45621493443744,61368800
2016-08-23,186.0595245361328,186.5948417407639,186.00003908431032,186.2974404125371,53399200
2016-08-24,185.10784912109375,186.00853244745392,184.6914898814524,185.9150645759198,71728900
2016-08-25,184.98040771484375,185.3967670036753,184.57255375698327,184.7254941291396,69224800
2016-08-26,184.6319580078125,186.18691604391768,183.74827259814512,185.1672750433972,122506300
2016-08-29,185.5411834716797,185.80458937813714,184.72546272917282,184.75945811639133,70502200
2016-08-30,185.23529052734375,185.7366122844962,184.6829886546085,185.45620868334956,58114500
2016-08-31,184.70851135253906,185.02289743114943,183.93527822171734,184.90393948528794,85269500
2016-09-01,184.71701049804688,185.00590652496516,183.56141342492953,184.70001280074456,97844200
2016-09-02,185.5496826171875,185.9745342148569,184.98038303216353,185.566680311418,79293900
2016-09-06,186.11050415039062,186.18697433214592,185.11635289124345,185.83010051851176,56702100
2016-09-07,186.09349060058594,186.2719339749219,185.49020859754495,185.94904261442906,76554900
2016-09-08,185.6686553955078,186.0340345407559,185.3627617021031,185.76212327308824,74102900
2016-09-09,181.22463989257812,184.41102588041946,181.19914984191044,184.36004577908406,221589100
2016-09-12,183.82476806640625,184.22412956612516,180.40046556362213,180.46844336840837,168110900
2016-09-13,181.18218994140625,182.81361835158876,180.56191030339323,182.55021246279313,182828800
2016-09-14,181.1142120361328,182.43125444481828,180.56191020286496,181.2331699524724,134185500
2016-09-15,182.92408752441406,183.3064513371822,180.77433965761284,180.95278301847304,134427900
2016-09-16,182.21702575683594,182.49031058682112,181.53383974374876,182.3109657882761,155236400
2016-09-19,182.25115966796875,183.50653393622775,181.9266372492272,182.86603739246033,80250500
2016-09-20,182.25970458984375,183.25887768736118,182.22555050597774,183.10516476355983,69665300
2016-09-21,184.309326171875,184.48865794035723,182.27681258948982,182.96001163684883,110284400
2016-09-22,185.47071838378906,185.76962199207247,185.06935252631513,185.31700546359937,76678700
2016-09-23,184.45443725585938,185.21449250101216,184.3604972578772,185.0778501346866,73630900
2016-09-26,182.95997619628906,183.80542328866972,182.7635478752264,183.62609155492524,89827300
2016-09-27,184.0957794189453,184.18970639548482,182.43047810181935,182.79770286955798,78494800
2016-09-28,185.00953674316406,185.1632626694878,183.36133210934773,184.31780265204182,87411000
2016-09-29,183.33578491210938,185.20603752182052,182.78922820236664,184.80465851284416,128070600
2016-09-30,184.7191619873047,185.4194312662014,183.91640442469367,184.16405729589397,117202900
2016-10-03,184.275146484375,184.49718062147466,183.6431851282554,184.30931360142856,83512100
2016-10-04,183.33578491210938,184.60824315662376,182.74653884344818,184.38620897267634,119948100
2016-10-05,184.14703369140625,184.57403139469778,183.89083246324418,183.9591536594831,72816000
2016-10-06,184.275146484375,184.49718062147466,183.3869969050393,183.9250052047302,62927400
2016-10-07,183.64321899414062,184.71926185383109,182.91733050960448,184.54846532987784,89788300
2016-10-10,184.59967041015625,185.0608222465507,184.45449273886658,184.59967041015625,51855000
2016-10-11,182.26824951171875,184.2409900215945,181.54236117040844,184.17266881930584,130367400
2016-10-12,182.50735473632812,183.028292428927,181.9095475575587,182.40486643174575,73866100
2016-10-13,181.9095916748047,182.40491066911792,180.37241007355325,181.18370325886667,101357000
2016-10-14,182.00352478027344,183.3443040289851,181.92666830932427,182.8831391414146,93346200
2016-10-17,181.3715362548828,182.23406686559122,181.19219149811556,181.97786565489582,58275700
2016-10-18,182.50735473632812,183.01974413549965,182.13159469170796,182.95997123618378,76869700
2016-10-19,182.99415588378906,183.30159478701952,182.41344519487444,182.7721217434871,66519200
2016-10-20,182.65255737304688,183.20764922249205,181.99497720499787,182.64400907845004,73639800
2016-10-21,182.73794555664062,182.8233503153305,181.69607004912004,182.6525538288874,89089100
2016-10-24,183.51507568359375,183.88230049108293,183.16493443320397,183.60901570123647,60146600
2016-10-25,182.9002227783203,183.5919570790314,182.73796154117815,183.33575581148787,66542300
2016-10-26,182.53292846679688,183.1136389152688,181.84118144774268,182.08031207874322,75705500
2016-10-27,182.0461883544922,183.2844790136868,181.9693318999274,183.25032493308078,77220200
2016-10-28,181.50819396972656,182.69524716820135,180.79938918705093,182.02059647118577,140623200
2016-10-31,181.5167236328125,182.0632801638312,181.35446242297428,181.8412330215534,61272500
2016-11-01,180.20156860351562,181.8924889147664,178.99744496669493,181.8412382436597,122781800
2016-11-02,179.11703491210938,180.27846940445647,178.68148883314285,179.89416097455936,103330800
2016-11-03,178.2971954345703,179.5440347099807,178.0239236261547,179.3305358158373,88939300
2016-11-04,178.10076904296875,179.2451199171035,177.95559136767739,178.408207952685,109122100
2016-11-07,182.02908325195312,182.06325035944977,178.1007129005113,178.1007129005113,109794900
2016-11-08,182.84893798828125,183.41257802536992,181.37152973736798,181.6362662008972,106772100
2016-11-09,184.7875213623047,185.40239906795784,181.33737278825802,181.36299160674898,258429000
2016-11-10,185.2487335205078,186.43578694435166,183.79694353199176,185.57325603510694,172113300
2016-11-11,184.82168579101562,185.06080346427555,183.88229865490476,184.53133047790513,100552700
2016-11-14,184.9668731689453,185.5475968566235,184.2239012901916,185.34263325551296,94580000
2016-11-15,186.41006469726562,186.41006469726562,185.1461554941087,185.35110599514746,91652600
2016-11-16,186.05996704101562,186.29054943951428,185.67567173080798,185.7952305613378,65617700
2016-11-17,187.01649475097656,187.07626766484796,186.10271323531964,186.21373682943002,69797200
2016-11-18,186.59805297851562,187.25563328984904,186.41870815508298,187.08483676287588,86265800
2016-11-21,188.00706481933594,188.03268363650668,187.02497541196652,187.1701530529121,72402600
2016-11-22,188.37429809570312,188.55362982400158,187.64839682723974,188.31451216564693,67429000
2016-11-23,188.47679138183594,188.52802902338945,187.6654983183874,187.86191362132126,56620200
2016-11-25,189.17706298828125,189.21121707036835,188.74151699832356,188.81838648715674,37872300
2016-11-28,188.28895568847656,189.1429513313337,188.1864803812343,188.86967950170788,76572500
2016-11-29,188.65611267089844,189.10872915618629,188.0241514315651,188.32305501132936,69886700
2016-11-30,188.2035675048828,189.43332333882296,188.14378155390034,189.27106207865867,113291800
2016-12-01,187.5118408203125,188.502465922017,187.15315116154036,188.502465922017,79040500
2016-12-02,187.60568237304688,188.09246595181148,187.24700590861025,187.59714711113205,74840300
2016-12-05,188.73297119140625,189.07456411693533,188.23765232773474,188.4340676083672,67837800
2016-12-06,189.33078002929688,189.36494714306397,188.4426305353899,188.92086588064257,59877400
2016-12-07,191.8073272705078,191.8671001584659,189.05746168205283,189.1770204889016,110738100
2016-12-08,192.27706909179688,192.74676919239806,191.51701366752818,191.78176320127528,99714400
2016-12-09,193.4384765625,193.45556011767826,192.46492241229177,192.4990895226483,88005800
2016-12-12,193.2165069580078,193.82284957533443,192.79804441754638,193.34460108726188,102016100
2016-12-13,194.50595092773438,195.0012697300262,193.85691923728294,193.87400279072287,110477500
2016-12-14,192.9004669189453,194.9073481010056,192.46492096624655,194.20707871517268,142501800
2016-12-15,193.69473266601562,194.54872823389607,192.9090583072782,193.13964075926862,124972600
2016-12-16,193.31585693359375,194.2092543255151,192.99802043664093,194.14911601109662,156420200
2016-12-19,193.73680114746094,194.15773005848882,193.35024073531872,193.49627408622837,90341100
2016-12-20,194.48416137695312,194.63020784253237,194.03747573218476,194.26940412582675,89838800
2016-12-21,193.94296264648438,194.52709601948894,193.94296264648438,194.3552928572959,67909000
2016-12-22,193.60791015625,193.91716104060143,193.21275115101358,193.79689753600582,56219100
2016-12-23,193.89141845703125,193.90000402722998,193.4619040077609,193.65087830631836,36697800
2016-12-27,194.3724365234375,194.76758240320615,194.1404950936456,194.1576793385994,42672500
2016-12-28,192.7660675048828,194.64734277198784,192.65440266833653,194.63017163266682,64095000
2016-12-29,192.72311401367188,193.1869837922266,192.28500094242335,192.8347788429552,48696100
2016-12-30,192.01873779296875,193.13547803583884,191.33151201983782,193.04956989879446,108998300
2017-01-03,193.48770141601562,193.9945253925662,192.3194214231025,193.31588512561513,91366500
2017-01-04,194.6387939453125,194.78482730354813,193.80553476004727,193.81412033132852,78744400
2017-01-05,194.48416137695312,194.63879341379015,193.69385626573714,194.37249651963222,78379000
2017-01-06,195.17994689941406,195.6438167017955,194.05460811776294,194.59580047699106,71559900
2017-01-09,194.5357208251953,195.0597290602939,194.50135232349612,194.92228126898283,46939700
2017-01-10,194.5357208251953,195.38615117997924,194.149147273665,194.55289196830208,63771900
2017-01-11,195.08547973632812,195.08547973632812,193.78833763321774,194.44979359470986,74650000
2017-01-12,194.5958709716797,194.78485843200838,193.24720203141905,194.5701011459753,72113200
2017-01-13,195.04251098632812,195.34316323147314,194.73326006337803,194.76761545137668,62717900
2017-01-17,194.3552703857422,194.8105546113968,193.96871003856708,194.4068100176669,61240800
2017-01-18,194.7847900390625,194.82774410273595,194.05461027983333,194.6043882147299,54793300
2017-01-19,194.06324768066406,194.99958615997934,193.63373317370377,194.86213837189382,66608800
2017-01-20,194.77626037597656,195.26590014072343,194.1148043072195,194.74189187207705,129168600
2017-01-23,194.2694091796875,194.83637148326866,193.513472549322,194.77624626741516,75061600
2017-01-24,195.5149688720703,195.9272990443544,194.37245894401616,194.48412377975026,95555300
2017-01-25,197.20729064941406,197.20729064941406,196.29670891355826,196.45992651817147,84437700
2017-01-26,197.00111389160156,197.32754909240646,196.72621833139917,197.06123910305723,59970700
2017-01-27,196.69187927246094,197.22447307989955,196.51147740763082,197.0784397168194,59711100
2017-01-30,195.4720458984375,196.0304094891354,194.49275339116883,196.00463966850268,79737300
2017-01-31,195.45486450195312,195.51500282280193,194.41544676728236,194.98239593722,75880800
2017-02-01,195.5321807861328,196.36543998180076,194.9480473458977,195.4548713204092,79117700
2017-02-02,195.6609649658203,195.9444460014856,194.84489034615572,195.53210279993388,69657600
2017-02-03,197.00973510742188,197.19013698991253,196.25379839557718,196.56304940288678,80563200
2017-02-06,196.65745544433594,197.0010748264495,196.3224347391122,196.6059158139537,57790100
2017-02-07,196.6660919189453,197.2845938178819,196.47710449939572,197.04406675804452,57931200
2017-02-08,196.92379760742188,197.0526467044636,196.12489388253917,196.66608630559708,51566200
2017-02-09,198.09207153320312,198.3927237865184,196.92379169339242,196.92379169339242,65955200
2017-02-10,198.873779296875,199.09713520362143,198.10924408720365,198.43567926922321,66015900
2017-02-13,199.9561767578125,200.21388807002674,199.3376748515951,199.36344467204233,55182100
2017-02-14,200.75503540039062,200.76363407766334,199.43213676662458,199.7757430563005,71109000
2017-02-15,201.80303955078125,201.99202693111846,200.48872656517904,200.540266194773,86785800
2017-02-16,201.63124084472656,202.00921561370262,200.88388998372164,201.8288137984225,84722400
2017-02-17,201.9490966796875,201.9490966796875,200.95262003092606,200.96980427872967,77204100
2017-02-21,203.15176391601562,203.32356708684515,202.30990609578996,202.31850477436353,88946100
2017-02-22,202.9713897705078,203.1947326122965,202.58482930644365,202.74804692871916,62115200
2017-02-23,203.10874938964844,203.5038952541643,202.352799933722,203.48672411761166,74615900
2017-02-24,203.3665313720703,203.40947233612843,202.2240212224374,202.26697529423788,82381600
2017-02-27,203.6843719482422,203.85617513110842,203.0315146102534,203.28062725924806,56515400
2017-02-28,203.13461303710938,203.5469433363853,202.7480525623042,203.30641623616233,96961900
2017-03-01,205.97799682617188,206.4418798811318,204.7667626476857,204.78394689987707,149158200
2017-03-02,204.68084716796875,205.79758750952877,204.62930752428397,205.7889888304196,70246000
2017-03-03,204.8096923828125,204.97290998987253,204.21696027622275,204.59493513304764,81974300
2017-03-06,204.19973754882812,204.55192938758756,203.59840691520102,204.0193357371922,55391500
2017-03-07,203.58987426757812,204.25133027186428,203.38370258750723,203.89912523381324,65103700
2017-03-08,203.2119140625,204.13966702810978,203.0744662658741,203.88195568637207,78168800
2017-03-09,203.46961975097656,203.79605498195744,202.5075114168135,203.33217195816954,90683900
2017-03-10,204.18255615234375,204.4660372273053,203.23761923580528,204.4230831660555,81991700
2017-03-13,204.28564453125,204.328598594417,203.79600491281758,204.12242695585928,57256800
2017-03-14,203.5039825439453,203.79606239121486,202.89407924127278,203.74450963623073,59880800
2017-03-15,205.26498413085938,205.6859130744163,203.83899279496555,204.07093430327186,96081800
2017-03-16,204.86119079589844,205.47969259936318,204.53476875521514,205.40238315086498,78344000
2017-03-17,204.50148010253906,205.3124824716804,204.50148010253906,205.1226728463593,89002100
2017-03-20,204.27708435058594,204.78611306835853,203.8888423313486,204.50139874364774,52537000
2017-03-21,201.654296875,205.0018332238527,201.52488723873597,204.88104650841805,131809300
2017-03-22,202.1288299560547,202.41354433347485,201.06763139640887,201.6888240080955,97569200
2017-03-23,201.9131622314453,203.04338378830042,201.5421791038283,202.12885377022735,100410300
2017-03-24,201.76646423339844,202.78452182936317,200.9899800725699,202.2151062549792,112504900
2017-03-27,201.55938720703125,201.8182196380576,199.82523229925408,200.10131057152168,87454500
2017-03-28,203.02615356445312,203.4489005875409,201.1453163558855,201.2574801774073,93483900
2017-03-29,203.2159423828125,203.44889293999827,202.51710387602253,202.74143151063373,61950400
2017-03-30,203.86297607421875,204.0614217364768,202.98296421676207,203.1555147869635,56737900
2017-03-31,203.3884735107422,204.05279389108298,203.33669648930265,203.52650607361866,73733100
2017-04-03,203.0347137451172,203.63864728059067,201.80958766893852,203.44021479709875,85546500
2017-04-04,203.16415405273438,203.25043592715895,202.370410834138,202.75003001798098,56466200
2017-04-05,202.56019592285156,204.81201565937246,202.3531273481406,203.83708588832562,108800600
2017-04-06,203.12966918945312,203.64732099263955,202.2582669322238,202.69828610441428,69135800
2017-04-07,202.92257690429688,203.61279239281885,202.43943001176115,202.87943596787073,74412300
2017-04-10,203.0433349609375,203.83707805300594,202.51704720627907,203.06059396602433,67615300
2017-04-11,202.80177307128906,202.90530077816507,201.31781450383258,202.66372735227813,88045300
2017-04-12,201.9131622314453,202.71554160139317,201.68884777042805,202.52573199408363,81864400
2017-04-13,200.6017608642578,202.31004738858752,200.6017608642578,201.57669086568936,92880400
2017-04-17,202.3790283203125,202.3790283203125,200.9209516639989,201.11938415921915,68405400
2017-04-18,201.7751007080078,202.31002463439688,201.09352129125438,201.6456910607653,83225800
2017-04-19,201.4041290283203,202.70690115523192,201.17980140736037,202.33591803559278,68699900
2017-04-20,203.0433349609375,203.48335401968885,201.69742218896215,202.01664137686913,92572200
2017-04-21,202.39625549316406,203.01744801328724,201.9993905393296,202.96568416407084,110389800
2017-04-24,204.62225341796875,204.8293220405731,202.3704331606191,204.63087634045624,119209900
2017-04-25,205.81285095214844,206.15795211813352,205.17439931383385,205.26068118771292,76698300
2017-04-26,205.68344116210938,206.6583711066453,205.64031338720525,205.77834596347805,84702500
2017-04-27,205.85597229003906,206.1579324903357,205.32104841949567,206.00264092985702,57410300
2017-04-28,205.40736389160156,206.14070721067284,205.2779410719303,206.11482527969187,63532800
2017-05-01,205.9250030517578,206.3477631731403,205.51087901668387,205.9250030517578,66882500
2017-05-02,206.00270080566406,206.18387434554825,205.59719961575615,206.0630875973694,57375700
2017-05-03,205.75244140625,206.09755572089628,205.07948494864596,206.00265092996418,73137700
2017-05-04,205.99398803710938,206.13203374500333,205.14848111459466,206.0543879710992,61462700
2017-05-05,206.80502319335938,206.8222822007975,205.9249981207301,206.36501723942743,62001300
2017-05-08,206.77052307128906,206.99483751405242,206.34776295036298,206.84816885938804,48385700
2017-05-09,206.5806884765625,207.22776296193527,206.23557418550524,207.0293304725549,51363200
2017-05-10,206.9517059326172,206.9517059326172,206.33051327021153,206.53758187926883,54293800
2017-05-11,206.5289764404297,206.6929041242144,205.4505186942327,206.50309450770234,62358300
2017-05-12,206.1838836669922,206.5721258633501,205.9164282242738,206.27878848519245,53912700
2017-05-15,207.32273864746094,207.4435253994471,206.58938204733656,206.60664105898275,61918900
2017-05-16,207.1328887939453,207.64191763813506,206.74464667828815,207.61603570807566,51241800
2017-05-17,203.4574737548828,207.13285198256173,203.3970738189677,207.13285198256173,172174100
2017-05-18,204.27708435058594,205.1225912403326,203.12096804773407,203.37980044881323,107047700
2017-05-19,205.6057891845703,206.27012277416677,204.70851822433954,204.7602820844805,115011400
2017-05-22,206.64971923828125,206.8136468872075,206.0457856617882,206.11479535787487,61010600
2017-05-23,207.1070098876953,207.27093755697564,206.64110881029163,207.02072800972687,48341700
2017-05-24,207.59011840820312,207.69364611080138,207.00343070903068,207.33992207200268,46927700
2017-05-25,208.5823211669922,208.85841262956913,207.89211884008088,208.09917427224806,64071700
2017-05-26,208.5391845703125,208.70309905891992,208.31485697527032,208.39250275904723,46629900
2017-05-30,208.3580322265625,208.60822862597266,208.06469488524934,208.2199864783797,35201900
2017-05-31,208.3062744140625,208.6858936502107,207.6160588178628,208.65137562977858,91796000
2017-06-01,209.9627685546875,209.98002756363837,208.4788097393089,208.76352414554896,68962000
2017-06-02,210.66156005859375,210.81686477499576,209.72114833430274,210.01448559723988,88666100
2017-06-05,210.50625610351562,210.77371142542071,210.3078104684301,210.4889970994293,44698800
2017-06-06,209.8333282470703,210.49764859982017,209.75566930051903,209.94547887695174,50375400
2017-06-07,210.22161865234375,210.44593312844285,209.50552111566847,210.1698547859184,54144300
2017-06-08,210.3251495361328,210.7996735934203,209.79886161164447,210.3165266131886,65950700
2017-06-09,210.0059051513672,211.3863230492574,208.74626081933565,210.5925797958981,132256400
2017-06-12,209.9627685546875,210.0145324167736,209.117261422826,209.76433602843528,86108100
2017-06-13,210.98944091796875,211.04120477479216,210.15255679328286,210.4976579486158,60067000
2017-06-14,210.72198486328125,211.26551852292656,209.9023465836892,211.25689560173907,78602300
2017-06-15,210.31651306152344,210.43729979879853,209.10000960161716,209.3760879304886,66464900
2017-06-16,210.3624267578125,210.52715382162995,209.48678837995016,210.4751375338906,84553100
2017-06-19,212.1137237548828,212.17440501626334,211.09068822265215,211.18605582964852,65123800
2017-06-20,210.68324279785156,211.7669597619697,210.6659128512818,211.75829478868482,56906400
2017-06-21,210.6311492919922,211.1860116450736,210.16298955584557,211.0733141178128,55977600
2017-06-22,210.53587341308594,211.13408733521305,210.36248133264985,210.6399192445218,44148100
2017-06-23,210.78729248046875,211.1167334478935,210.21508673798837,210.5965572329753,66986800
2017-06-26,210.92599487304688,211.87100612216315,210.71792968194868,211.45484928203297,56700500
2017-06-27,209.2267303466797,211.004028786433,209.20938717140842,210.70924772268842,82247700
2017-06-28,211.09930419921875,211.29870432635724,210.00690952671906,210.24099598924911,70042600
2017-06-29,209.24403381347656,211.29875652280958,208.03894132566631,211.2467402358337,106949700
2017-06-30,209.63418579101562,210.4231348165138,209.44345057102782,210.05032934873213,86820700
2017-07-03,209.98963928222656,211.0039966029294,209.98963928222656,210.57050989003255,39153800
2017-07-05,210.47515869140625,210.68322386327887,209.54749070358864,210.35378293149202,54427600
2017-07-06,208.55044555664062,209.8335624324853,208.36837532928143,209.71218669056708,65400800
2017-07-07,209.90293884277344,210.05032273922362,208.55912737294966,209.1226680429866,57972300
2017-07-10,210.12832641601562,210.50113183523914,209.5994721438358,209.9029181076465,36663300
2017-07-11,209.9723358154297,210.28444683689426,208.81059438013204,210.1283847116784,50354600
2017-07-12,211.5502166748047,211.71494377022336,210.93467284651766,210.93467284651766,59610400
2017-07-13,211.90567016601562,212.01838095900973,211.3334644570759,211.5588860430641,39471600
2017-07-14,212.89398193359375,213.24944419577673,211.8102652042291,211.90563280557174,60262700
2017-07-17,212.86798095703125,213.19743508711832,212.6945889202881,212.81596466890477,33531900
2017-07-18,212.980712890625,213.0327291839186,212.12240436438347,212.46052349975758,42742500
2017-07-19,214.13377380371094,214.142438775647,213.2841303112444,213.29280851214529,51034300
2017-07-20,214.22914123535156,214.50656585569095,213.68294373763698,214.3851901038616,47135200
2017-07-21,214.0384063720703,214.06441451686462,213.43151438296377,213.65693594313413,82340800
2017-07-24,213.98638916015625,214.1250948554731,213.51821609794712,213.9603677865093,46622300
2017-07-25,214.50656127929688,214.83601541107564,214.2811529532698,214.73196960532394,54915600
2017-07-26,214.51522827148438,214.8273392337501,214.2551468270668,214.79266611748264,47575400
2017-07-27,214.3158721923828,215.0094537211477,212.9980686106262,214.97478059774477,70766600
2017-07-28,214.06442260742188,214.19446333630827,213.38818435928198,213.8390010387317,50088400
2017-07-31,213.9430389404297,214.5585826730198,213.73496055293967,214.4632150657075,65838700
2017-08-01,214.4198455810547,214.57589442709948,213.8996563029796,214.5412213154105,55050400
2017-08-02,214.5238800048828,214.66259891076717,213.59621220436458,214.54988814611576,47211200
2017-08-03,214.1077880859375,214.43722903055786,213.83035020734545,214.41122088306062,40856000
2017-08-04,214.49794006347656,214.82738103349425,214.11646956548717,214.59330768797392,60191800
2017-08-07,214.89669799804688,214.89669799804688,214.46321128680444,214.56725709319855,31995000
2017-08-08,214.3678741455078,215.79838843328037,213.99508187076393,214.58461753193095,61719400
2017-08-09,214.35916137695312,214.411177661462,213.32746097098197,213.68292322041066,62632600
2017-08-10,211.33346557617188,213.6569615449433,211.2814492803503,213.52690757642304,120479500
2017-08-11,211.64556884765625,212.23511771301636,211.32479288249857,211.55887943410963,74869900
2017-08-14,213.74365234375,213.96039573038553,212.88535699921184,212.92003012032828,73291900
2017-08-15,213.71763610839844,214.14245789255634,213.41420331597075,214.12511471817118,55242700
2017-08-16,214.09043884277344,214.63663638266544,213.66561706408348,214.2378227507355,56715500
2017-08-17,210.7525177001953,213.79560218084794,210.7525177001953,213.4834912912672,128490400
2017-08-18,210.42312622070312,211.7062431881432,209.98096130653698,210.58784005945023,136748000
2017-08-21,210.58787536621094,210.84797008362776,209.66022052315,210.36246699989866,65469700
2017-08-22,212.7899627685547,212.94601163751298,211.15138349966844,211.16872667254094,63140100
2017-08-23,212.0270538330078,212.45187564407556,211.68026969713355,211.82765361632846,50203800
2017-08-24,211.53286743164062,212.56455477652642,211.32478903078268,212.4085058976072,50741700
2017-08-25,212.0270538330078,212.93737872588625,211.8796699138129,212.3218216713976,64445900
2017-08-28,212.03570556640625,212.58188985077862,211.61954878054664,212.55588170528304,40565600
2017-08-29,212.27847290039062,212.53855437473308,210.61387209080198,210.72658288232782,51135700
2017-08-30,213.28414916992188,213.5529220712823,212.07905651601493,212.2611267744893,62030800
2017-08-31,214.56724548339844,214.80999697024225,213.31880170593672,213.89967228009607,103803900
2017-09-01,214.8706817626953,215.2955034861434,214.7232978738984,214.9400412213581,62007000
2017-09-05,213.3274688720703,214.59325583417635,212.3651278861229,214.36783428767083,91398800
2017-09-06,214.05577087402344,214.3852250665595,213.47490016489778,214.00375457603712,57916900
2017-09-07,214.02975463867188,214.37655199375652,213.62227601455146,214.35920881876066,58034700
2017-09-08,213.7782745361328,214.23776931958236,213.53552307427128,213.74358819645974,63832800
2017-09-11,216.0584716796875,216.13649611970826,215.02677109841616,215.04410104355472,71364800
2017-09-12,216.78672790527344,216.82140102478192,216.24053036301225,216.42260062008793,56896000
2017-09-13,216.8907470703125,216.92543341664026,216.38790088028037,216.50061166239803,59228000
2017-09-14,216.8214111328125,217.02082457342183,216.39660256144148,216.56999462499903,95446300
2017-09-15,217.11326599121094,217.2003856134073,216.5730791318973,216.67762799637953,95432400
2017-09-18,217.5750732421875,217.92357837152673,217.19170962314323,217.47923233742642,46235200
2017-09-19,217.79286193847656,217.87999485598516,217.4704940740048,217.81899915480582,47108100
2017-09-20,217.87132263183594,217.98459279117168,216.87806830388612,217.88004390232,59574100
2017-09-21,217.2875518798828,217.80160160197312,217.113299314129,217.7144819664055,48211400
2017-09-22,217.3311004638672,217.49664504082952,216.96516611750616,216.99130333548783,51214000
2017-09-25,216.88673400878906,217.42693418335082,216.14615736606112,217.078415797405,57064400
2017-09-26,217.01742553710938,217.55761239750964,216.78217729693458,217.31365618348264,54082000
2017-09-27,217.86256408691406,218.24592764987884,216.83445150490712,217.7144487638807,81001400
2017-09-28,218.1239776611328,218.20238931967907,217.49665780352635,217.58377743703832,44778800
2017-09-29,218.89073181152344,218.9691567790982,217.93233589908112,218.11529646930725,85578000
2017-10-02,219.84036254882812,219.84036254882812,218.94293605473234,219.11720188713397,59023000
2017-10-03,220.31085205078125,220.33698926746806,219.76194391112475,219.84036885580198,66810200
2017-10-04,220.5722198486328,220.81617604791793,220.04944896752707,220.16271909384366,55953600
2017-10-05,221.879150390625,221.8965663385826,220.60708157503166,220.90331222571203,63522800
2017-10-06,221.62649536132812,221.91401806716368,221.1734413654219,221.43481355743776,80646000
2017-10-09,221.26052856445312,221.91398553794212,220.9991431161343,221.85300313361688,35803100
2017-10-10,221.8443145751953,222.21897020843707,221.2866984073851,221.82689862545803,43057400
2017-10-11,222.19284057617188,222.19284057617188,221.58294994908832,221.74848124495355,47674300
2017-10-12,221.86172485351562,222.22765918598844,221.62647660599134,221.8791540963811,47065100
2017-10-13,222.1318359375,222.41065066702748,221.86174247740652,222.29738052132967,54800400
2017-10-16,222.42808532714844,222.6197671461682,222.01859776246346,222.35839493352228,38221700
2017-10-17,222.58494567871094,222.62851215033618,222.15801552817646,222.37583459168212,31561000
2017-10-18,222.802734375,223.00312416361902,222.61105256167096,222.95955769793173,40888300
2017-10-19,222.86366271972656,222.89852120166648,221.6090365568159,222.0272452777861,61903800
2017-10-20,224.01380920410156,224.0399730155595,222.84631559088965,223.65660936352654,89176400
2017-10-23,223.14248657226562,224.3622942599157,223.06407492192818,224.33615704313655,63915300
2017-10-24,223.5345916748047,223.76982664713915,223.17736528695417,223.56945016341444,66935900
2017-10-25,222.42808532714844,223.31679073400198,221.30414492891353,223.203520578776,103715300
2017-10-26,222.71554565429688,223.30800689645486,222.59356755769872,223.03792678393265,69798000
2017-10-27,224.5365753173828,224.69342523649686,222.72433257504397,223.45620137036767,85562500
2017-10-30,223.70016479492188,224.44075488424275,223.40393407704144,223.45620852200625,54285700
2017-10-31,224.0486297607422,224.30130725889842,223.7523990960091,224.07476697853525,60304800
2017-11-01,224.3448486328125,225.16385019959108,223.97892760294408,224.82406638614185,54202700
2017-11-02,224.43197631835938,224.57138366575603,223.2121952651795,224.27515302350042,56449500
2017-11-03,225.1812744140625,225.22482757480614,224.17928582464648,224.58878657471539,59589700
2017-11-06,225.5298309326172,225.66051703390133,224.9809227179865,225.0506131089256,49652600
2017-11-07,225.37298583984375,225.96544716792442,224.86763084471306,225.63435801716324,57502200
2017-11-08,225.75628662109375,225.8521407968905,224.9198691986144,225.19868386918432,50469600
2017-11-09,224.9373321533203,225.12901393308397,223.36029816253628,224.553968593793,95085500
2017-11-10,224.8676300048828,225.04189584860146,224.24031019242418,224.5539833932708,59984700
2017-11-13,225.07672119140625,225.3032614637964,224.1531707429087,224.18802922848425,50228600
2017-11-14,224.55397033691406,224.65851920137254,223.4997072454137,224.27515563886934,61315200
2017-11-15,223.43002319335938,224.1096174208197,222.72429174904417,223.58684649448855,80811500
2017-11-16,225.32943725585938,225.69538494396602,224.32747498521172,224.3710281577118,67777000
2017-11-17,224.66722106933594,225.30326213412084,224.58880941848312,224.9808942619812,75756800
2017-11-20,225.05059814453125,225.24227994341484,224.6672345467641,224.91121737192094,48075500
2017-11-21,226.52304077148438,226.7060278773804,225.01575029501927,225.8173093322673,69176800
2017-11-22,226.32266235351562,226.66244616724182,226.1571177863148,226.53176008503942,45033400
2017-11-24,226.84544372558594,226.95001919765812,226.67120445060775,226.81061182413293,27856500
2017-11-27,226.732177734375,227.1852317115889,226.5317746692737,226.8890010431142,52274900
2017-11-28,229.0323486328125,229.0584858527543,227.09811458940757,227.19396878868554,98971700
2017-11-29,228.89297485351562,229.6945606980925,228.44864204929883,229.16306836229634,77512100
2017-11-30,230.89686584472656,231.80297375843676,229.7293591722956,229.80777082314165,127894400
2017-12-01,230.41769409179688,231.1582841722034,227.19398813773208,230.67909290271405,164390900
2017-12-04,230.13890075683594,232.45647197503965,230.0865997244341,232.02955515946084,94040600
2017-12-05,229.31114196777344,231.01883555279514,229.1804558802626,229.3111419677734,77994500
2017-12-06,229.35470581054688,229.7816491686028,228.8929305536896,229.40698024798462,75898600
2017-12-07,230.07786560058594,230.39151220579578,229.09331944106495,230.07786560058594,77218600
2017-12-08,231.33248901367188,231.34118369260776,230.04299101871084,231.02753710934363,76563900
2017-12-11,232.02952575683594,232.0905214625432,231.30637832522305,232.02952575683594,83077500
2017-12-12,232.43896484375,232.90946123689326,232.06432261829715,232.81360706920287,85195800
2017-12-13,232.41287231445312,233.11860374523278,232.32573939686347,232.68296574651777,102905400
2017-12-14,231.46319580078125,232.82238429500705,231.41092136555983,232.7091141556158,100666700
2017-12-15,233.39065551757812,233.85479103966375,232.40984284638893,232.46238447340687,144610300
2017-12-18,234.87066650390625,235.22095296471468,234.67800494169003,234.78308820741816,83653600
2017-12-19,233.96861267089844,235.1595917103328,233.8985393596742,235.11581593467096,82382900
2017-12-20,233.84605407714844,234.9844917700065,233.548309245557,234.93195013649887,76751500
2017-12-21,234.32765197753906,235.03701735107373,234.08244882408314,234.4677718831052,67032300
2017-12-22,234.2664337158203,234.38028283977948,233.73222476304568,234.34524617275827,78720900
2017-12-26,233.98614501953125,234.20507737373754,233.72343688454004,233.86353007310808,45244400
2017-12-27,234.1000518798828,234.459104236388,233.82857783169675,234.1525935198448,57751000
2017-12-28,234.58157348632812,234.62537598084072,234.2137821931722,234.59910517418675,45116100
2017-12-29,233.69715881347656,235.17714378920894,233.5045239818633,235.15963882046495,96007400
2018-01-02,235.3698272705078,235.40486393640256,234.17008203378253,234.5554051831879,86655700
2018-01-03,236.8585662841797,237.007452062863,235.53620614609844,235.53620614609844,90070400
2018-01-04,237.85696411132812,238.3386315484917,236.91995351295984,237.49793840246417,80636400
2018-01-05,239.44204711914062,239.5646353907048,238.15472327938147,238.6451298159419,83524000
2018-01-08,239.8798828125,240.03750773896382,239.05669478521304,239.34567381706339,57319200
2018-01-09,240.4228057861328,241.04456630336588,240.0199509382166,240.30019081716375,57254000
2018-01-10,240.05494689941406,240.317681763306,239.00408761927,239.66962381248553,69574300
2018-01-11,241.8064727783203,241.8064727783203,240.4403366278896,240.6067274035964,62361500
2018-01-12,243.38278198242188,243.54914601914447,241.7714160016743,242.06918758354794,90816100
2018-01-16,242.5508270263672,245.28309908708408,241.85899316319004,244.6350677387502,106555100
2018-01-17,244.86270141601562,245.24802451632235,242.5507895393176,243.47906062865408,113258800
2018-01-18,244.4511260986328,245.16920392065526,243.96069303034096,244.74887089803556,100728000
2018-01-19,245.56329345703125,245.56329345703122,244.45112669843263,245.02908460595285,140920100
2018-01-22,247.56004333496094,247.56004333496094,245.30064563058318,245.35321400233343,91322400
2018-01-23,248.08544921875,248.37442823158972,247.2797662168005,247.60378189715462,97084700
2018-01-24,247.98907470703125,249.32020065816042,246.81560037784456,248.72468428390306,134816100
2018-01-25,248.0941619873047,248.94362068955095,247.30601076540927,248.84730327055158,84587300
2018-01-26,250.9664764404297,251.01027893796484,248.6720700838788,248.92603904914813,107743100
2018-01-29,249.30270385742188,250.83523070502287,249.1450789385611,250.3973658914226,90118300
2018-01-30,246.74562072753906,249.35527825533836,246.2727191836835,247.48123050400838,131796400
2018-01-31,246.86814880371094,248.09416479890285,245.79975770965564,247.59501927863693,108364800
2018-02-01,246.58792114257812,247.88401053028454,245.7997698727501,246.14131723392478,90102500
2018-02-02,241.21974182128906,245.40572846260181,241.18470515238724,245.27434763550696,173174800
2018-02-05,231.13128662109375,241.56999429566028,230.58833859278695,239.4682487852187,294681800
2018-02-06,235.6851348876953,236.18430722321384,226.55128066828357,227.63717692788254,355026800
2018-02-07,234.40660095214844,238.51374901534516,234.3277617541576,235.13344490732027,167376100
2018-02-08,225.6141815185547,234.84437736527985,225.57914485766418,234.70425744685963,246449500
2018-02-09,229.0032501220703,230.85102642500632,221.48948987210917,228.39022881983215,283565300
2018-02-12,232.3660125732422,233.8284922841873,229.1433351172543,231.04365275931454,143736000
2018-02-13,232.944091796875,233.487039915265,230.58837685084208,231.16636163901006,81223600
2018-02-14,236.08792114257812,236.44697345743825,231.45530443883456,231.46407028619402,120735700
2018-02-15,239.1004180908203,239.10918393763797,235.36980196590403,237.82186053714875,111200300
2018-02-16,239.17044067382812,241.10582186620243,238.43483119386315,238.4786336984104,160420100
2018-02-20,237.67298889160156,239.66091202707622,236.88483766031146,238.22470277104793,86369700
2018-02-21,236.49072265625,240.58039086681103,236.39440524670226,238.11082745208617,98883700
2018-02-22,236.79727172851562,239.11794975717322,236.13173542463286,237.4102931210572,110511300
2018-02-23,240.5716094970703,240.5716094970703,237.54159333790062,238.01449468417462,92766400
2018-02-26,243.36524963378906,243.4615937865243,241.05333739504624,241.640061258888,86491400
2018-02-27,240.3264617919922,244.25850577220086,240.26515430746772,243.54914022654583,99099200
2018-02-28,237.89190673828125,241.8677260411564,237.5766569550853,241.42109545648609,121907800
2018-03-01,234.4327850341797,239.22302620651877,232.94403427544523,237.6817338186659,176855100
2018-03-02,235.64129638671875,236.20177612876677,231.91070666364885,232.7689045215854,139083200
2018-03-05,238.36480712890625,238.97782844938183,234.35395118094502,234.45906116670795,97307400
2018-03-06,238.96910095214844,239.41573160660244,237.480349920733,239.33689242334253,79213200
2018-03-07,238.8815155029297,239.2318019924513,236.62214492914111,236.8148065071499,87063500
2018-03-08,240.0374755859375,240.16006382616135,238.5662563523812,239.55580829717485,66901200
2018-03-09,244.21473693847656,244.21473693847656,241.1234121693243,241.43868875811225,113625300
2018-03-12,243.90817260742188,245.12544944991558,243.52284948642702,244.50368898314173,71924800
2018-03-13,242.3319091796875,245.56335371770083,241.72765358476482,245.06418140447812,91968900
2018-03-14,241.0883026123047,243.47028774299733,240.53661551772396,243.28639204480373,105895100
2018-03-15,240.82565307617188,242.2355649806559,240.32648076303303,241.5962994420393,83433000
2018-03-16,241.08677673339844,242.13307082578123,241.03402466421792,241.35053707930095,100343700
2018-03-19,237.82472229003906,241.2625409475371,236.18055398257786,240.3393531613482,109208400
2018-03-20,238.22927856445312,238.8623302848663,237.55224889423462,238.22047760805523,59757300
2018-03-21,237.7720489501953,240.2690787418608,237.56104066228033,238.1852914021509,78709600
2018-03-22,231.82839965820312,236.40041532902674,231.55581154014723,235.55635543832057,148785900
2018-03-23,226.8870849609375,232.59335103109134,226.69365175801394,232.26803765167045,183534800
2018-03-26,233.09446716308594,233.3758293932869,228.08283324450488,230.47435853685462,141956100
2018-03-27,229.12913513183594,234.55401162788922,227.5816696445901,234.02649096831001,129941400
2018-03-28,228.45208740234375,230.92276751178565,227.35304139529825,229.2609970696875,146452300
2018-03-29,231.37118530273438,233.22638911794968,228.46091330484768,229.5863354656723,111601600
2018-04-02,226.3771209716797,231.35360494123992,223.91525502005953,230.84363252390713,186286300
2018-04-03,229.27857971191406,229.75337511563475,225.82318539146522,227.60803509251616,119956900
2018-04-04,231.73167419433594,232.43505297835821,225.61219291036392,225.7440730783455,123715300
2018-04-05,233.5605010986328,234.43973799149228,232.399901960335,233.48134616595655,82652600
2018-04-06,228.3553924560547,233.0944650563523,226.84310402261673,231.60857948692498,179521200
2018-04-09,229.48080444335938,232.85707053025092,228.54881558338204,229.80611776570538,105442900
2018-04-10,233.129638671875,233.91217232519995,231.22170978854876,232.35590597309297,103529000
2018-04-11,231.90753173828125,233.56050139208276,231.58221838066342,231.65254552602107,91140200
2018-04-12,233.8154754638672,234.75626543924633,233.05054361120307,233.22640173391812,68890500
2018-04-13,233.129638671875,235.23102756207518,232.12732264458262,235.11672248173076,85079200
2018-04-16,235.04644775390625,235.81140658822397,233.93862722731896,234.7563113101349,63405300
2018-04-17,237.56101989746094,238.15889454908293,236.2949166162728,236.80486221155488,64682000
2018-04-18,237.73695373535156,238.53703595600277,237.27973322962023,238.00071415620477,57303900
2018-04-19,236.41799926757812,237.28843512519592,235.38928039133862,237.08620099884374,77655900
2018-04-20,234.413330078125,236.56747115211715,233.5340932041984,236.34766193363552,99953100
2018-04-23,234.378173828125,235.53877291125386,233.30550379653852,234.9848494019342,65558000
2018-04-24,231.2217559814453,235.61794098262143,229.7270423481719,235.3981317325626,112885500
2018-04-25,231.79319763183594,232.2328160237843,229.3489204458902,231.16014607414323,103840900
2018-04-26,234.14959716796875,234.97608207281635,232.3735481342447,232.81316662268776,67731900
2018-04-27,234.36941528320312,235.05521907784504,233.4374261990022,234.7562817142508,57053600
2018-04-30,232.56695556640625,235.53878051205507,232.49660159003034,234.9848569848604,82182300
2018-05-01,232.98019409179688,233.085698222423,230.4567617508169,232.00422721914586,74203400
2018-05-02,231.41514587402344,233.59563605382283,231.02827951976636,232.7867531910517,86368900
2018-05-03,230.9052276611328,231.5558544858692,227.7663449816826,230.58871520548328,136311500
2018-05-04,233.8946075439453,234.57163717893877,229.61272782167768,229.93804120526443,91222100
2018-05-07,234.6859130859375,235.65305216045982,233.9737065479549,234.65953705358106,55304900
2018-05-08,234.6859130859375,235.04637658408237,233.1296466803695,234.316621800768,67499200
2018-05-09,236.9543914794922,237.2797049037725,234.83542691096352,235.35417356484106,59666100
2018-05-10,239.16993713378906,239.49527722414666,237.58732194125523,237.6928260431345,72063900
2018-05-11,239.8998260498047,240.16358642268503,238.78317786284757,239.29315035999548,59871500
2018-05-14,240.0141143798828,240.9812535676364,239.46896492705878,240.3306268052169,54790600
2018-05-15,238.3611602783203,238.8095529103585,237.42037023197227,238.7919778296341,87036100
2018-05-16,239.36337280273438,239.82059302528924,238.3698311125488,238.396233970471,53942600
2018-05-17,239.1612548828125,240.23392505091894,238.38752206225277,239.099701855681,56536400
2018-05-18,238.56338500976562,239.17886169838093,238.211695544351,238.8183712758704,64368000
2018-05-21,240.35696411132812,240.8933125218533,239.6535853913568,240.0404517369945,58025900
2018-05-22,239.68875122070312,241.13071257278165,239.36343787063615,240.87572636643998,52966400
2018-05-23,240.3482208251953,240.374623694903,238.26443336432084,238.42271642164374,64694200
2018-05-24,239.85580444335938,240.22509573036155,238.0797556474602,239.95253445059927,76043800
2018-05-25,239.28433227539062,239.90858300131285,238.7831607706077,239.28433227539065,56374800
2018-05-29,236.53231811523438,238.42269905133912,235.4244977877922,237.6665413104607,115908600
2018-05-30,239.68875122070312,240.12836965748122,237.76324715322068,237.83357429694598,69678400
2018-05-31,238.220458984375,239.58326551029967,237.62258430411012,239.28432817016724,93519900
2018-06-01,240.55918884277344,240.85812612869415,239.4425409574061,239.51289492596226,71258400
2018-06-04,241.7022705078125,241.95725677674884,241.13957272333775,241.3769570778868,45385200
2018-06-05,241.87806701660156,242.25613242896702,241.06915729434598,241.83408907402762,51135000
2018-06-06,243.9002685546875,244.00577267131052,241.86923381316572,242.4847102697016,62732200
2018-06-07,243.8739471435547,244.67405598337328,242.96833416348434,244.383919597681,72969400
2018-06-08,244.5948944091797,244.64764647208725,243.2496631406796,243.4167202839464,72139700
2018-06-11,244.92025756835938,245.63243739467774,244.70044831746642,244.81475342108018,58892500
2018-06-12,245.23680114746094,245.59726471293132,244.59494846399977,245.33350434010313,72329000
2018-06-13,244.4542236328125,245.72912781539785,244.25198949499742,245.47414161244484,79070600
2018-06-14,245.06967163085938,245.59719222080923,244.48057119584672,245.31585685022813,77097600
2018-06-15,244.75701904296875,245.092633594624,243.18495110573815,244.28893215583443,120041600
2018-06-18,244.25364685058594,244.37730569060352,242.8317319063907,243.30863241102696,52917600
2018-06-19,243.31748962402344,243.5382858940997,241.57761393771582,241.99271200356594,97531500
2018-06-20,243.73252868652344,244.39491733639957,243.39691412482676,243.99747336540864,53785500
2018-06-21,242.20460510253906,243.74136507228985,241.71002374180586,243.72368412555193,71061400
2018-06-22,242.6461944580078,243.5735547121451,242.4253982478793,243.45873637045227,54898500
2018-06-25,239.3431854248047,241.65712629987883,237.66513896180743,241.49815943502784,137854200
2018-06-26,239.87303161621094,240.72088159957022,239.15765398139763,239.90836656004487,68547400
2018-06-27,237.8859100341797,241.87789694896222,237.73575670929327,240.45598188744574,105110700
2018-06-28,239.24600219726562,240.0055283746205,237.1263365942884,237.83290077950338,76650500
2018-06-29,239.59043884277344,241.69242357031283,239.4756204740588,240.33231104908108,97592500
2018-07-02,240.1026611328125,240.2616549168198,237.78872074552748,238.02719794520482,63554800
2018-07-03,239.2548828125,241.09192325654197,238.83097113516365,240.99475886203552,42187100
2018-07-05,241.20660400390625,241.26843341270092,239.30776194680402,240.37643503255302,56925900
2018-07-06,243.246826171875,243.61774878084054,240.85337540008626,241.23316543663134,66493700
2018-07-09,245.43711853027344,245.49010747674166,244.2006648582338,244.24481332940113,50550400
2018-07-10,246.32029724121094,246.41746160901664,245.59607905454257,245.8875452052918,51966800
2018-07-11,244.51861572265625,245.5607946326727,244.2183360206754,244.77474695036685,77054700
2018-07-12,246.7353515625,246.788340498217,245.17212405352254,245.77268329342385,60124700
2018-07-13,246.9296875,247.2299671615263,246.10833193000164,246.55876489862447,48216000
2018-07-16,246.70884704589844,247.11510452073574,246.26725463113468,246.97381866635394,48201000
2018-07-17,247.70687866210938,248.0954821879413,245.8875198605622,245.94050880020612,52315500
2018-07-18,248.22799682617188,248.33397472351447,247.3448117447573,247.78640428546458,44593500
2018-07-19,247.29188537597656,247.94543387675657,246.81495776457345,247.56567066428585,61412100
2018-07-20,247.00914001464844,247.7157040880866,246.85017320537366,247.08862341928582,82337700
2018-07-23,247.4684295654297,247.67154485077174,246.46158580226108,246.80604086418674,47047600
2018-07-24,248.71371459960938,249.55275112962,247.848210550406,248.8727083834363,68026900
2018-07-25,250.83338928222656,251.1513229561097,248.4222844446066,248.46643291508985,78882900
2018-07-26,250.24168395996094,250.92172684096013,250.02088766646702,250.11805205099407,57919500
2018-07-27,248.54591369628906,250.66555212783368,247.62739382664256,250.56838777060267,76768700
2018-07-30,247.2476806640625,248.78441412028107,246.7265777343142,248.62544727019025,63742500
2018-07-31,248.46636962890625,249.07576930129864,247.62736023474866,248.00712323271455,68570500
2018-08-01,248.05126953125,249.17293147487544,247.40656187814733,248.66950967116927,53853300
2018-08-02,249.4026336669922,249.57041402631015,246.5499363158962,246.7530785758447,63426400
2018-08-03,250.47129821777344,250.52428716723554,249.34963589792847,249.52628369791557,53935400
2018-08-06,251.38973999023438,251.69883311496747,250.11795169378726,250.5065551706273,39400900
2018-08-07,252.21998596191406,252.59977603437054,251.91970626585007,252.0522055913909,43196600
2018-08-08,252.11398315429688,252.5114271863113,251.65473665616224,252.05218068817663,42114600
2018-08-09,251.76959228515625,252.5644535141711,251.63711990576564,252.17584989951115,35717000
2018-08-10,250.0826416015625,250.87750262765104,249.37607750407815,250.3387727714421,77076000
2018-08-13,249.1465301513672,250.9658893599437,248.8550639654535,250.35648946503812,65732900
2018-08-14,250.7362060546875,250.97468324483137,249.48209849847217,249.87070203910213,43842000
2018-08-15,248.86390686035156,249.53513618941975,247.4331512506401,249.39382333315953,102925400
2018-08-16,250.8775177001953,251.74304866436498,250.25927744683614,250.29461239199935,69967900
2018-08-17,251.76071166992188,252.20230416593347,250.2681268771893,250.6743844267732,65618500
2018-08-20,252.2995147705078,252.56445953560558,251.7607578112464,252.21119086458458,39807500
2018-08-21,252.8912353515625,253.74792603443402,252.3348243886177,252.81175192152355,67272000
2018-08-22,252.7410888671875,253.26216483556036,252.2199859461447,252.48495764453983,44993300
2018-08-23,252.40545654296875,253.4211139340078,252.08749591769774,252.5644233792702,49204900
2018-08-24,253.92466735839844,254.06598027028755,252.92666344815044,252.97965242102362,57487400
2018-08-27,255.92933654785156,256.0353144305907,254.95782770163285,255.11679452574154,57072400
2018-08-28,256.0530090332031,256.4946015366076,255.59373557995536,256.38859669554984,46943500
2018-08-29,257.4308166503906,257.6604264610613,256.0265554993455,256.2650057863514,61485500
2018-08-30,256.3885803222656,257.3247542134845,255.79686149898535,256.95383162780604,61229500
2018-08-31,256.3973693847656,256.83896177142293,255.4965306189424,255.98227146320133,66140800
2018-09-04,255.95574951171875,256.309017992576,254.95774651262036,255.98224397396663,57594400
2018-09-05,255.26690673828125,255.80566349237063,254.26009006165867,255.602521281376,72452400
2018-09-06,254.49859619140625,255.6732203977271,253.47409834357205,255.37294072808618,65909900
2018-09-07,254.0041046142578,254.9756138613513,253.21805673848493,253.45653402571708,73524800
2018-09-10,254.44561767578125,255.27581377697265,254.25131588714777,255.01084209101677,50210900
2018-09-11,255.2846221923828,255.72621470747268,253.45644966393857,253.80087781032123,50530500
2018-09-12,255.34632873535156,255.94688779823232,254.5603084521278,255.29333981525357,59810800
2018-09-13,256.856689453125,257.0421777146509,256.1236577401461,256.4062834173273,51034200
2018-09-14,256.90081787109375,257.2452459530958,256.1236108773846,257.0597846781716,55079900
2018-09-17,255.540771484375,256.8832031223014,255.26698626185495,256.84789512451624,68244000
2018-09-18,256.9273376464844,257.5190564708911,255.72619209625736,255.7526865667134,61930400
2018-09-19,257.20111083984375,257.61620882608855,256.8566557873011,256.98031461211065,49080600
2018-09-20,259.285400390625,259.6033609568986,257.2187510441675,258.45523141530987,100360600
2018-09-21,259.0485534667969,260.1397982950898,258.8888670259763,260.0244601740495,105479700
2018-09-24,258.18798828125,258.61384587039015,257.61132474312956,258.4718933406768,53409600
2018-09-25,257.94842529296875,258.74688447911296,257.70889565952746,258.6404268642502,44370000
2018-09-26,257.1765441894531,259.2702825185177,256.75956720701475,258.0903413542007,79739700
2018-09-27,257.895263671875,258.97762816274417,257.37182887932,257.6468534809221,59249500
2018-09-28,257.9217834472656,258.4186036468809,257.2386624414622,257.2741302595274,70091400
2018-10-01,258.8178405761719,259.8824436608705,258.1524534952341,259.1549472877912,62078900
2018-10-02,258.66705322265625,259.37678873765856,258.2944515534161,258.66705322265625,47258200
2018-10-03,258.80902099609375,260.13091497744125,258.4541532176749,259.7139378922632,64694600
2018-10-04,256.7862548828125,258.38317348526033,255.20707019384005,258.3299446701572,111545900
2018-10-05,255.3489532470703,257.5225348048375,253.92945538964233,257.0079807072881,105951700
2018-10-08,255.3489532470703,255.70382094275988,253.2906827075332,254.66580518133145,87742200
2018-10-09,254.97642517089844,256.271704954829,254.4174954691894,254.96757175041503,74339000
2018-10-10,246.9029541015625,254.54161183134144,246.5303524999164,254.4706220479149,214731000
2018-10-11,241.46461486816406,247.43533927490867,239.85878869058828,245.82065967789862,274840500
2018-10-12,244.81814575195312,245.82952023558337,241.64201563082707,245.5456151938126,183186500
2018-10-15,243.44302368164062,245.78519993118493,243.35429996164066,244.46327877494505,102263700
2018-10-16,248.76608276367188,249.1387114990498,244.92459267291434,245.39479853263305,118255800
2018-10-17,248.8104705810547,249.4314824048031,246.24649884503972,248.80159008760788,110626000
2018-10-18,245.21742248535156,248.4733966282913,243.9487570516637,247.8789719922288,134557500
2018-10-19,245.08433532714844,247.79023299591103,244.39233358097664,245.8650607996869,139901600
2018-10-22,243.98422241210938,246.0690809469352,243.45190716026255,245.74970804063415,82415800
2018-10-23,242.74209594726562,243.85995504523984,238.30618152631777,240.38221330103357,146352700
2018-10-24,235.38739013671875,242.87521650709292,234.83734103185068,242.4937072564188,177806700
2018-10-25,239.6103057861328,241.14514169422233,236.19467385011447,237.214928600146,138061500
2018-10-26,235.396240234375,240.42657947423916,232.6992235598691,235.91970200064176,201574600
2018-10-29,234.09207153320312,239.76118336987363,230.53448644606027,238.47475731008242,160749100
2018-10-30,237.5609588623047,237.87147829678315,233.4355637318732,233.9235305788176,157116000
2018-10-31,240.0983428955078,242.40502414189297,239.64587089544221,240.11607680886604,128296300
2018-11-01,242.65342712402344,242.84860846389773,239.8765400463614,240.95890437208678,99495000
2018-11-02,241.2162322998047,244.1794206815585,239.17569487216855,243.75356303564863,122634100
2018-11-05,242.546875,243.09692390497725,240.73701483308653,241.7040406619442,65622500
2018-11-06,244.08175659179688,244.24144301684072,242.42272889071398,242.48483819201113,60085900
2018-11-07,249.30731201171875,249.38715523548547,245.82066212583987,246.24651972727324,102752100
2018-11-08,248.8548583984375,249.4936313104688,247.71926511867957,248.50884399519248,65584900
2018-11-09,246.42396545410156,247.73697900206238,245.02220111411222,247.55067814789876,98812600
2018-11-12,241.81951904296875,246.15783059184582,241.30493765127557,245.91830088689426,99673600
2018-11-13,241.3669891357422,244.2680676104156,240.6483731183949,242.28078648339832,98176600
2018-11-14,239.71682739257812,243.62928010661983,238.16425733712018,243.2300640514488,125335900
2018-11-15,242.21864318847656,242.6799955815593,236.8866928638433,238.45699670459484,135101400
2018-11-16,242.84860229492188,243.75351917061937,240.61288389957744,241.12746518011798,126668000
2018-11-19,238.74099731445312,242.53814021262502,237.82719972907734,242.24535460365777,103061700
2018-11-20,234.32281494140625,236.87790680745823,233.46224618200236,235.42291341024685,136021300
2018-11-21,235.12120056152344,237.01090445560573,235.11234714337104,235.86643094270022,75563700
2018-11-23,233.55091857910156,234.94380235022106,233.3912321412432,233.48880927282028,42807900
2018-11-26,237.32147216796875,237.54326793635002,235.40515348019304,235.7955161985184,79981400
2018-11-27,238.1199188232422,238.1199188232422,235.68904599528867,236.29232395519756,75502400
2018-11-28,243.6027069091797,243.6027069091797,238.05781291603475,239.1845527032355,127629600
2018-11-29,243.0704345703125,244.4632914553153,241.6952845256789,242.83087780641895,82346400
2018-11-30,244.55203247070312,245.11096219306737,242.60024576485566,242.91961870638872,98204200
2018-12-03,247.7902069091797,248.76611364711172,246.20216879552547,248.65965601655134,103176300
2018-12-04,239.76121520996094,247.390994725935,239.45069573277385,246.9651371222489,177986000
2018-12-06,239.39744567871094,239.5127837949778,232.83229721703475,235.9197036518377,204185400
2018-12-07,233.8348388671875,240.62178366519305,233.00088464890422,239.06033286080262,161018900
2018-12-10,234.27838134765625,235.24540740375193,229.44322399250612,233.65734252371468,151445900
2018-12-11,234.33168029785156,237.64973648123552,232.867833574281,237.46343560815416,121504400
2018-12-12,235.51162719726562,238.65226307289007,235.4317839641583,237.29487396070434,97976700
2018-12-13,235.43173217773438,237.3125556763646,234.32275350404444,236.45198714259422,96662700
2018-12-14,231.08457946777344,234.24294908760876,230.53453028646314,233.29365668777106,116961100
2018-12-17,226.55105590820312,231.2442481147202,224.92750936156915,230.1352693427575,165492300
2018-12-18,226.30264282226562,228.8488672551829,224.70571070380527,228.18348000060263,134515100
2018-12-19,222.91358947753906,230.13525835424576,221.21908028326692,226.38247815956686,214992800
2018-12-20,219.2850341796875,223.23299606876677,217.04932908961484,221.6715587646981,252053400
2018-12-21,214.79200744628906,222.83221562745248,214.14950429082847,220.18189351527593,255345600
2018-12-24,209.1165313720703,214.91689612055552,209.05407298607153,213.31063854385062,147311600
2018-12-26,219.68209838867188,219.68209838867188,208.59894240153716,210.57107225286427,218485400
2018-12-27,221.3687286376953,221.56503617697558,213.23929261778002,216.46072697864727,186267300
2018-12-28,221.08314514160156,224.34026776675762,219.92306940648027,222.7161726307013,153100200
2018-12-31,223.01956176757812,223.2605038088745,220.83327315629415,222.69831025131333,144299400
2019-01-02,223.25157165527344,224.1707189074987,219.47687654809107,219.5036463731044,126925200
2019-01-03,217.92416381835938,221.81487042798517,217.4422797539412,221.51145639556273,144140700
2019-01-04,225.22369384765625,225.866196858448,220.56555382761132,220.94034498117475,142628800
2019-01-07,226.99952697753906,228.40053118136873,224.59906597413217,225.49142984951663,103139100
2019-01-08,229.13221740722656,229.6141014303248,226.66037976243663,229.17685193188655,102512600
2019-01-09,230.203125,231.04194927606076,228.61471828778016,229.83725251935343,95006600
2019-01-10,231.01516723632812,231.26502803517397,227.99897294347033,228.67717821153101,96823900
2019-01-11,231.10440063476562,231.13117046106527,229.36428022693917,229.94431128528677,73858100
2019-01-14,229.69448852539062,230.4976106801335,228.81105687845226,229.21260433942962,70908200
2019-01-15,232.3269500732422,232.6392828891841,230.06033811024096,230.06927046385758,85208300
2019-01-16,232.8890838623047,233.77251519424797,232.54998130541944,232.75520752359222,77636700
2019-01-17,234.65602111816406,235.51271013402146,231.97892921738054,232.02356375539918,96118400
2019-01-18,237.7792510986328,238.24329770473705,234.69167996833485,236.4585701004151,127900300
2019-01-22,234.5666961669922,236.52990709177476,232.9604524887355,236.31574853008118,115531200
2019-01-23,235.0575408935547,236.28900723752506,232.6035405576887,235.59296459520885,86030300
2019-01-24,235.18243408203125,235.76249225312878,233.8706583992333,234.87903370249145,59204100
2019-01-25,237.17242431640625,237.9934109070511,235.2806176199218,237.0207105042033,96883400
2019-01-28,235.369873046875,235.43231781289492,233.61191535787162,235.03970281433,85613700
2019-01-29,235.0575408935547,236.07482141719495,234.22764913402008,235.51265512487782,66136300
2019-01-30,238.77870178222656,239.61752596151732,235.80714220909275,236.56565691157263,92473700
2019-01-31,240.875732421875,241.35761645588957,238.50204165856266,238.7162274696689,104012100
2019-02-01,240.99176025390625,242.00906803486546,240.20647577024255,241.0720697261744,85782500
2019-02-04,242.68724060058594,242.74971259966776,240.36708937749282,241.03636219764772,60744800
2019-02-05,243.70455932617188,244.00795975036206,242.6158744004156,243.1155959499973,79552800
2019-02-06,243.38339233398438,243.91881627665313,242.65167441955646,243.42802688166933,58347800
2019-02-07,241.06317138671875,242.32138038708896,239.41229290069123,241.77705153770148,95482000
2019-02-08,241.35768127441406,241.4558282382454,239.00182734901912,239.8228141743865,75788900
2019-02-11,241.491455078125,242.26780712361779,240.96496377408712,242.0090412636391,68021400
2019-02-12,244.5968780517578,244.97165552848838,243.02630933805298,243.09771367928155,72270200
2019-02-13,245.39117431640625,246.22999867783255,245.00746432184434,245.4268765025575,65277200
2019-02-14,244.8468017578125,245.971188942763,243.49932360650095,244.31137799198922,83234400
2019-02-15,247.51490783691406,247.55061000904283,246.40838559592572,246.6136118119153,97088700
2019-02-19,247.9433135986328,248.59472181280694,246.71184706665318,246.72077942009167,59120800
2019-02-20,248.4429931640625,248.89810738786227,247.4078479533843,247.90756947125925,76610800
2019-02-21,247.55960083007812,248.1664017356935,246.60476493775758,247.8094616284365,64214700
2019-02-22,249.0945281982422,249.2908221569617,247.54179614437024,248.17536703083096,78114600
2019-02-25,249.4334716796875,251.0308102001692,249.35316222104115,250.51325127796727,69030700
2019-02-26,249.2550811767578,250.12958033501678,248.8802763712297,249.08552986387414,56844100
2019-02-27,249.14791870117188,249.49592633112158,247.61305227722667,248.54109077894248,56921600
2019-02-28,248.6839141845703,249.37105167582394,248.36267631809804,248.9337749360863,69268300
2019-03-01,250.2366943359375,250.64717410068224,248.80890666355637,250.2545318099578,78880500
2019-03-04,249.32644653320312,251.53058626385302,247.04199732647075,251.28965783560562,106494600
2019-03-05,248.98736572265625,249.6477335273438,248.4430368150685,249.45141237991535,59114600
2019-03-06,247.4792022705078,249.11224302146866,247.1579644240893,249.10331067036444,75039800
2019-03-07,245.4090118408203,247.17587498414431,244.57018757231435,247.03309348814483,94885100
2019-03-08,244.9181671142578,245.08771841916655,243.09776452384176,243.5617839077705,85795800
2019-03-11,248.46983337402344,248.63045235753074,245.60535257032447,245.63212240090903,65098900
2019-03-12,249.40676879882812,249.92435509272266,248.8356700842505,249.02305887138553,79667500
2019-03-13,251.05758666992188,251.98565249349073,250.12952084635302,250.29016700067777,80639200
2019-03-14,250.8970184326172,251.50381930289518,250.45976886914966,251.0844072122771,67518400
2019-03-15,252.1365966796875,252.9432562369782,251.25821824683422,251.4464597806335,81309000
2019-03-18,253.05087280273438,253.34666537382708,252.12769034786572,252.3517640248022,62199800
2019-03-19,253.11355590820312,254.87028543181057,252.226233125084,254.10845700531755,90268100
2019-03-20,252.3516845703125,254.09946964121386,251.24925993264608,252.8984383933155,84609200
2019-03-21,255.2019500732422,255.60526619804367,251.49127760863934,251.53610874655385,79550400
2019-03-22,250.290283203125,254.36841295522137,250.22753601241772,253.84857408887802,122659300
2019-03-25,250.10208129882812,251.1328147355546,248.84727418660705,249.94969916428462,85575200
2019-03-26,251.96630859375,252.91637858733375,250.56809134459888,251.84978593086444,68125900
2019-03-27,250.64869689941406,252.5398921062087,249.10706960084804,251.95727892582767,72224700
2019-03-28,251.59877014160156,252.0469173002357,250.12886168470223,251.2761173166963,56238500
2019-03-29,253.1852264404297,253.50787926259702,251.98419534780982,253.10456323488788,82186800
2019-04-01,256.1877136230469,256.4835059740087,254.90601970947466,255.17492433332393,77617900
2019-04-02,256.3133850097656,256.54643037423904,255.52464133254082,256.37613220062264,40070400
2019-04-03,256.7166748046875,257.9177061153034,256.1161454730113,257.52333435925203,68243200
2019-04-04,257.3979187011719,257.6488801360489,256.3492691654427,257.03940627316825,48997500
2019-04-05,258.6436767578125,258.6974522325927,257.77427011188774,258.06109087920464,58621700
2019-04-08,258.84088134765625,258.9484323049997,257.56813119604186,258.2224359901956,53566300
2019-04-09,257.5144348144531,258.2045719045438,256.96770816244833,257.8819189334087,66142300
2019-04-10,258.39276123046875,258.4823961552368,257.51438273212386,257.9266705627704,52601500
2019-04-11,258.3210144042969,258.88568428123676,257.756344527357,258.8767125839089,55093100
2019-04-12,260.06878662109375,260.3466356971258,258.36583273010336,259.9253762346362,69727800
2019-04-15,259.8985290527344,260.2391253546279,259.10081378222185,260.14051873172986,49596700
2019-04-16,260.06878662109375,260.83064233232835,259.47722903423164,260.7768668564986,52153200
2019-04-17,259.4324645996094,261.20711027659587,259.0201494187386,261.18022253460333,58268300
2019-04-18,259.9433288574219,260.2122336271481,258.7243814300919,260.0150477371109,68708500
2019-04-22,260.16741943359375,260.3198015483036,259.09188234285483,259.18151727193475,40160100
2019-04-23,262.5067138671875,262.73975916905067,260.30183725475945,260.5348552038877,52246600
2019-04-24,261.9241027832031,262.7576499482489,261.7806924075933,262.4260254214715,50392900
2019-04-25,261.76275634765625,262.4170610760673,260.57966858301586,261.8255035173805,57770900
2019-04-26,262.98175048828125,263.0534420070687,261.03677955107406,261.8076069798987,50916400
2019-04-29,263.3939514160156,263.913817328566,262.98166377527735,263.0712986587577,57197700
2019-04-30,263.52850341796875,263.81532422738735,261.6463068189115,263.053468419192,81111700
2019-05-01,261.5476379394531,264.36201517554906,261.53866624356385,264.15585763921524,71671900
2019-05-02,260.9830627441406,262.3454480819899,259.49521038202386,261.4312100573297,65030200
2019-05-03,263.5375061035156,263.81535524757965,261.0906119431951,262.45299727175797,56543700
2019-05-06,262.4529113769531,262.89208684427564,258.9394255801766,259.2531340651493,107198100
2019-05-07,258.070068359375,260.6514008912022,256.16992839920704,260.05984323993033,144729900
2019-05-08,257.711669921875,259.41462475087775,257.12011200917414,257.711669921875,91568300
2019-05-09,256.9317626953125,257.5322646414615,253.92019920925287,255.65006823450122,103471100
2019-05-10,258.22235107421875,258.97523488077417,253.02382857267878,255.99953172672647,112429300
2019-05-13,251.7332763671875,254.0905354305723,250.89972899311476,253.13152104183553,127290500
2019-05-14,254.00979614257812,255.53350737563352,252.62055093511603,252.74601791221053,77003200
2019-05-15,255.49771118164062,256.13407262584394,252.18141054901224,252.38756813357963,73956400
2019-05-16,257.8639221191406,259.2173081278269,256.12510871199436,256.19680023221036,76749600
2019-05-17,256.19677734375,258.67055853759854,255.55144430851703,255.56938770151973,100353000
2019-05-20,254.50277709960938,256.304310040441,253.75883751403418,254.6013563431719,62877600
2019-05-21,256.7973327636719,257.1737611168127,255.93687039387783,256.1878317468838,46847100
2019-05-22,256.00848388671875,256.95855342864434,255.53344911575599,255.8471575160653,49482500
2019-05-23,252.8804473876953,253.83946135065585,251.47325899208576,253.79465758375446,98733800
2019-05-24,253.45411682128906,254.72686684163855,252.83567152761165,254.31455174403163,55268100
2019-05-28,251.0968475341797,254.68202480356717,251.0789314948162,253.73195501539803,70029400
2019-05-29,249.41183471679688,250.38879233781626,248.01361763049988,249.98547626642363,104972900
2019-05-30,250.0930633544922,250.99832958897656,248.99958292616304,250.16475488218688,62523800
2019-05-31,246.7229461669922,248.38109625419122,246.69605842948016,247.55652073533304,86862800
2019-06-03,246.09559631347656,247.87024198178764,244.76907055860477,246.75884551454325,96428000
2019-06-04,251.43748474121094,251.57192344018316,247.93297010674164,248.38111733847322,77231900
2019-06-05,253.615478515625,253.64236625592756,251.24927531078833,253.0508086165342,71169700
2019-06-06,255.26467895507812,255.9368998729929,253.26595959823126,253.911292773539,69430400
2019-06-07,257.81903076171875,258.8945947828686,256.1071054936321,256.277403586193,74272200
2019-06-10,259.002197265625,260.6603473979614,258.9125623539002,259.36070955978926,60799100
2019-06-11,258.93951416015625,261.18025074401487,258.2941809298953,260.8127666619331,58641300
2019-06-12,258.4823913574219,259.2621632182266,257.97149691319186,258.7064649888135,47096300
2019-06-13,259.54888916015625,259.90742875930414,258.68845429820976,259.3875627521784,48945200
2019-06-14,259.2621154785156,259.8626173825372,258.50025980152225,259.2621154785156,52324700
2019-06-17,259.3607177734375,260.1225735181229,259.19041964158777,259.4951564689148,39205700
2019-06-18,262.0765075683594,263.12518417352123,260.81272903505663,261.1712687189415,85434800
2019-06-19,262.66802978515625,263.19684018898215,261.24292499801845,262.21091089679237,78674400
2019-06-20,265.1777648925781,265.5811084913859,262.73089760823314,265.3391187437491,116570000
2019-06-21,264.792236328125,266.16122030813983,264.5760881959581,264.90932572830695,83309500
2019-06-24,264.46795654296875,265.3145457048724,264.3148333255094,264.99933890935563,47582700
2019-06-25,261.8741149902344,264.5490579503013,261.7660409289425,264.52203943497835,82028700
2019-06-26,261.61285400390625,263.270053340462,261.50477996892147,262.76568952002185,51584900
2019-06-27,262.5406188964844,263.04498289515925,261.99123319591143,262.36949245202936,40355200
2019-06-28,263.89154052734375,264.3868890801006,262.99990213807325,263.51325387039157,59350900
2019-07-01,266.2873229980469,267.42215565476,265.0894379746776,267.20598003847806,78705600
2019-07-02,266.980712890625,267.0347499022663,265.40456925097106,266.24217041717526,61504500
2019-07-03,269.1153869628906,269.1334176326338,267.51222404503983,267.6563319741,40898900
2019-07-05,268.80914306640625,268.97128165021803,266.6025576032776,267.890486025087,51677300
2019-07-08,267.33203125,268.6289747449363,266.7916335461484,267.5031576476492,45841800
2019-07-09,267.665283203125,267.96248683915957,266.12517302667766,266.17921005141125,41101300
2019-07-10,268.944091796875,269.8897943344765,268.1965615874656,268.7279437817706,58448500
2019-07-11,269.57464599609375,269.8178125905179,268.57493362213694,269.5836613281804,50826100
2019-07-12,270.7815856933594,270.8536533963706,269.75485455454003,270.0610735778993,40326000
2019-07-15,270.8716125488281,271.21386536805954,270.36724865283577,271.21386536805954,33900000
2019-07-16,269.99798583984375,270.9887104831493,269.6917668565987,270.78155022134894,36650100
2019-07-17,268.1605529785156,270.13298625914246,268.1605529785156,269.97087523256664,36036300
2019-07-18,269.142333984375,269.5206206333886,267.22396468495583,267.66527620399694,51392600
2019-07-19,267.6471862792969,270.25907567442226,267.4760599323213,270.2320571715188,58678600
2019-07-22,268.30474853515625,268.84514628615204,267.5301994978204,268.04355124978355,43638100
2019-07-23,270.2231750488281,270.2231750488281,268.59299376994335,269.42160741038407,44564500
2019-07-24,271.4930725097656,271.4930725097656,269.37653066962224,269.466601543074,47213200
2019-07-25,270.1961364746094,271.09679026285806,269.39454140989733,271.04275323442494,55394100
2019-07-26,272.0064697265625,272.2046146669419,270.75454772012597,270.88065244844626,45084100
2019-07-29,271.5111083984375,272.00648451921296,270.96172273001054,271.8893951181974,38126500
2019-07-30,270.84454345703125,271.2498485590155,269.7367296678358,270.1150162620722,45849000
2019-07-31,267.8813781738281,271.2768596405354,265.87293835276193,271.08770260571254,104245200
2019-08-01,265.5486755371094,270.97961506099136,264.75609605671474,268.0344880009356,142646600
2019-08-02,263.5493469238281,264.90032781024166,262.00022107464287,264.65716114556676,116749700
2019-08-05,255.62351989746094,259.577375041092,253.7321417770538,259.4693010032003,178745400
2019-08-06,259.2081298828125,259.42430546615407,256.0378386800961,257.50590864289825,120711700
2019-08-07,259.36126708984375,260.1268282910362,254.02039683355144,256.14592653629853,140572300
2019-08-08,264.449951171875,264.449951171875,260.2979505540792,260.847336151514,87713900
2019-08-09,262.6485900878906,264.1076444758025,260.87430145284293,263.5132098204003,93730000
2019-08-12,259.4512939453125,262.6395879585057,258.50559115636844,261.1535149881845,65527600
2019-08-13,263.4862365722656,264.92728803115796,258.8118415350156,259.1540943486517,94299800
2019-08-14,255.69549560546875,260.0546547775427,255.56941842164875,259.45123238958007,135622100
2019-08-15,256.3710632324219,257.2627290614845,254.33560461612663,256.57822347266244,99556600
2019-08-16,260.15386962890625,260.5861658852784,256.4251495030518,258.01932440574643,83018300
2019-08-19,263.2881164550781,263.96360681327474,262.48654885595346,263.16203921415007,53571800
2019-08-20,261.2705993652344,263.3150731411027,261.14452215391043,262.78369081572106,51596400
2019-08-21,263.3961486816406,263.7653924594661,262.7386616778172,263.42316718942703,49524700
2019-08-22,263.3151550292969,264.72918821676154,261.54988112141444,264.09874699254823,51666400
2019-08-23,256.55120849609375,263.67538246569245,255.30830200906564,262.0181829782447,149161500
2019-08-26,259.38824462890625,259.38824462890625,257.208650757384,258.73075758618586,72423800
2019-08-27,258.3704528808594,261.144480921187,257.6139072750688,260.7752097054269,66668900
2019-08-28,260.1897888183594,260.3518998430598,256.91139706146447,257.71299182653104,59696700
2019-08-29,263.5132751464844,264.035669739417,261.7389860715827,262.73872607625174,57899400
2019-08-30,263.3961486816406,265.00829878917193,262.46847659995325,264.99029561256964,62901200
2019-09-03,261.8560791015625,262.61262500129374,260.53211690558965,261.7029833463762,69101400
2019-09-04,264.8282165527344,264.8462197315112,263.2700757868123,264.01763373547163,46887300
2019-09-05,268.2326965332031,269.1423380968448,264.792192738452,267.30502430433256,83258100
2019-09-06,268.4398193359375,269.07930324088835,267.8724306034567,268.5479208659887,49584300
2019-09-09,268.574951171875,269.511611253967,267.63826360401265,269.42156787029035,51260300
2019-09-10,268.5118713378906,268.5749236886284,266.5664561971447,267.81835045130987,57947100
2019-09-11,270.42132568359375,270.5023812339653,268.16969099846807,268.8181628872153,68821100
2019-09-12,271.3580627441406,272.41181257632735,270.5654827931537,271.3220288866103,72908700
2019-09-13,271.1778259277344,272.1505473397734,270.80855460332793,271.79927919493423,62104800
2019-09-16,270.34033203125,271.222982924793,269.70087533027913,270.05211612897705,58191200
2019-09-17,271.0247802734375,271.11482367368455,269.9710031299481,270.1421295676581,41475500
2019-09-18,271.186767578125,271.2948415977052,268.61088433982394,270.6373546642417,73375800
2019-09-19,271.1688232421875,272.564853068215,270.83558574714397,271.57412843040197,76560500
2019-09-20,269.8876647949219,272.0501814736541,269.1004817738623,271.76966399396616,89565000
2019-09-23,269.8241882324219,270.5389979988221,268.9736620832095,269.2270085353562,43476800
2019-09-24,267.7070617675781,271.2991710708117,266.74796203940343,270.91010804409495,94869400
2019-09-25,269.2904357910156,269.73378531696477,266.3135933430836,267.7884429245481,71854000
2019-09-26,268.7294921875,269.507618203709,267.3270429198188,269.29952886168803,56179700
2019-09-27,267.2817077636719,269.588997076313,265.73448553679964,269.48039634070557,84746600
2019-09-30,268.5213317871094,269.2270847903198,267.75226286244816,267.7974924652988,51662400
2019-10-01,265.32733154296875,270.0504560848609,265.110185278463,269.3989896786448,88242400
2019-10-02,260.640380859375,263.7619961590738,259.35556210753964,263.7529391947368,122539500
2019-10-03,262.7757873535156,262.8029306373284,257.70882934443205,260.41421121100484,85278800
2019-10-04,266.3316955566406,266.5850420764219,263.37293955799163,263.42725373830876,65091200
2019-10-07,265.18255615234375,267.1550692865488,264.9020663585836,265.5354464421896,59610500
2019-10-08,261.0657043457031,264.0696902542639,261.02950409268243,263.33679390363403,95708100
2019-10-09,263.54486083984375,264.47681708385716,262.45004489012706,263.0743680413565,62359400
2019-10-10,265.32733154296875,266.20500117894466,263.3005594403848,263.4634191387641,55296300
2019-10-11,268.0780334472656,270.30386601879087,267.9513739674856,268.06897647988654,98720400
2019-10-14,267.77935791015625,268.4308242275137,267.4355246297877,267.76124398211886,40394800
2019-10-15,270.430419921875,271.17237295120003,268.7022243786533,268.8198544458258,46754500
2019-10-16,269.9961242675781,270.6837908068591,269.5618318113538,269.9689809890641,48928200
2019-10-17,270.7923583984375,271.66097090586624,270.1046918731806,271.154277975475,45736600
2019-10-18,269.607177734375,270.90105392298045,268.7566511570259,270.2586443124997,64304000
2019-10-21,271.434814453125,271.633874396673,270.48477194824056,270.91909208308124,39048600
2019-10-22,270.54815673828125,272.2582390304072,270.4576699114692,271.96869222968974,48594700
2019-10-23,271.3353576660156,271.38964424316333,270.08671116620945,270.29482812041203,34352200
2019-10-24,271.7786560058594,272.4120361034301,270.95527292409713,272.2672627207654,35453100
2019-10-25,272.8916015625,273.43449487557064,271.1543484832142,271.2086350532512,45205400
2019-10-28,274.4298095703125,274.9274733563282,274.07694681042267,274.10409009964496,42147000
2019-10-29,274.3483581542969,275.2712851407752,274.0316680631073,274.15835514466437,44284900
2019-10-30,275.18988037109375,275.5608294575838,273.24451003899617,274.5474431635399,49643900
2019-10-31,274.4568786621094,275.18074553352045,273.0092001446827,275.18074553352045,69053800
2019-11-01,276.9994201660156,277.0446497636023,275.7326600812259,275.89554738047116,71141500
2019-11-04,278.1123352050781,278.68237174713806,277.74135860448837,278.5466553353853,60606900
2019-11-05,277.80474853515625,278.61004540055967,277.51520173325594,278.31144163213037,42933200
2019-11-06,277.86810302734375,278.13953590688425,276.92708969043014,277.80475948454966,46487100
2019-11-07,278.84527587890625,280.1753521514452,278.3747830389513,279.1981662183995,54272300
2019-11-08,279.5328369140625,279.5871234668853,277.8046413486891,278.5013371850439,49032100
2019-11-11,278.9991760253906,279.1710927549054,278.02196223523237,278.15770631526675,35797300
2019-11-12,279.5871887207031,280.482944664036,278.81809222595433,279.3609854935828,46484600
2019-11-13,279.6776123046875,280.0757321034284,278.37467980202507,278.6008829780055,53917700
2019-11-14,280.0848388671875,280.16629633222396,278.7638196858961,279.39719979877964,51219900
2019-11-15,282.11163330078125,282.1568629025422,280.7272706119639,281.4149096673068,62023600
2019-11-18,282.31964111328125,282.5549012450095,281.42388540045687,281.87629173827787,49228000
2019-11-19,282.2383117675781,282.92597848194833,281.59590227071726,282.91692151590615,67804700
2019-11-20,281.1886901855469,282.16590356395267,279.64146788455196,281.6501535927217,79406200
2019-11-21,280.736328125,281.4059085420427,279.94011585540426,281.29733539676613,54664700
2019-11-22,281.3606262207031,281.6139727413129,280.3562971037963,281.4782563218255,44850200
2019-11-25,283.5412292480469,283.5412292480469,282.2835536082596,282.2835536082596,48647200
2019-11-26,284.1836853027344,284.3646589671821,283.2607858845415,283.5774759909728,37569000
2019-11-27,285.4503173828125,285.4503173828125,284.445960938309,284.6631071478484,44444600
2019-11-29,284.3917541503906,285.13370739133796,284.1655509144457,284.8893902243896,36592700
2019-12-02,281.97589111328125,284.70841599216465,281.5506279673351,284.6450724653287,75767800
2019-12-03,280.0848388671875,280.16629633222396,277.89520698160726,279.27051273112295,73941700
2019-12-04,281.8130187988281,282.4101986278276,280.7815464488824,281.1253797697638,49080000
2019-12-05,282.31964111328125,282.5277579692479,281.0167086513413,282.50967165630396,40709000
2019-12-06,284.8984680175781,285.296587950962,284.2108012939693,284.21985826013315,48927000
2019-12-09,284.0026550292969,285.17890066127535,283.93025453990657,284.5093480042442,34838500
2019-12-10,283.68597412109375,284.6088732952171,283.03450775915456,283.94837758133656,52649800
2019-12-11,284.4913330078125,284.744679558798,283.6046062730117,284.13844266213465,53429100
2019-12-12,286.94342041015625,287.7215465239914,284.26518101486846,284.5004136750445,96389600
2019-12-13,287.1152038574219,288.33670665798,285.9389306517123,286.7080270530041,81503900
2019-12-16,289.08770751953125,289.67583035344785,287.0518785933374,288.834361024335,82749700
2019-12-17,289.1510925292969,289.7663587326568,289.0696626740905,289.46778259690007,61097700
2019-12-18,289.1692199707031,289.76639993984145,289.11493339284556,289.54019666119984,48133000
2019-12-19,290.3544616699219,290.4268621669237,289.1058154172824,289.3591619313905,85310500
2019-12-20,291.62744140625,292.754916750099,290.4090343656645,291.3819230502159,147142100
2019-12-23,292.07305908203125,292.46403497307483,291.92757387289413,292.4094814882067,52990000
2019-12-24,292.0821838378906,292.3458497862605,291.78211189875447,292.30039779473975,20270000
2019-12-26,293.6369323730469,293.6460338682152,292.454903436514,292.46397718322146,30911200
2019-12-27,293.5641174316406,294.4188253533874,293.0367580376793,294.3642718901657,42528800
2019-12-30,291.9456787109375,293.7824047534291,291.4637712118447,293.6460210741499,49729100
2019-12-31,292.6548156738281,292.90033397291086,291.09998668959423,291.44551040796875,57077300
2020-01-02,295.3918762207031,295.41007921570383,293.26420694072004,294.1825702372799,59151200
2020-01-03,293.1549987792969,294.2734003955614,291.9638684535366,292.01842192277303,77709700
2020-01-06,294.27337646484375,294.35520666204394,291.29097239733835,291.4091808205573,55653900
2020-01-07,293.4459228515625,294.1824223186019,293.0003659250968,293.70958866181826,40496400
2020-01-08,295.00994873046875,296.21925449633176,293.3914641292551,293.63695478138766,68296000
2020-01-09,297.0102844238281,297.08304088810894,295.9828144164329,296.5647551368362,48473300
2020-01-10,296.1555480957031,297.74675568148257,295.69184361108466,297.59219676942917,53029300
2020-01-13,298.1922912597656,298.20136500493834,296.34649170275594,296.77384567647033,47086800
2020-01-14,297.7376403808594,298.8014606220253,297.1829765277459,297.7558156184295,62832800
2020-01-15,298.4105529785156,299.1652278624306,297.56494638909675,297.64677659951207,72056600
2020-01-16,300.8927917480469,300.8927917480469,299.5561763932098,299.78349174098173,54050300
2020-01-17,301.82940673828125,302.03851915247486,300.82921340367295,301.60209133261856,95846000
2020-01-21,301.2383117675781,302.0384662952364,300.80188402409743,300.8746127318583,77742400
2020-01-22,301.274658203125,302.73858343412036,301.1200993097716,302.09298788425326,48914900
2020-01-23,301.6202697753906,302.02944860930927,299.51987762466234,300.6291779260028,51963000
2020-01-24,298.9378356933594,302.35666715329256,297.65577389588447,302.27483696389464,87578400
2020-01-27,294.1461181640625,295.6191174690561,293.38234177437914,293.71876411583315,84062500
2020-01-28,297.2285461425781,298.1014295336754,294.23706762447324,295.56458182841783,63834000
2020-01-29,296.9830322265625,298.81065700129847,296.7829935559523,298.5833415914443,53888900
2020-01-30,297.9468078613281,298.155948000126,294.1824796021824,294.92805295887075,75491800
2020-01-31,292.53668212890625,297.4830663972043,291.6274207229464,297.3284797488705,113845600
2020-02-03,294.7098388671875,296.5647401340601,293.89150905042175,294.00971748755245,69083000
2020-02-04,299.20159912109375,300.06540868055777,297.9831919914277,298.3014390790439,62573200
2020-02-05,302.65667724609375,302.8658173167413,300.6654206971036,302.1202164545548,65951100
2020-02-06,303.6751403808594,303.866077510334,302.6021908116986,303.611485421549,50359700
2020-02-07,302.0566711425781,303.6842291934215,301.5111087114118,302.6204088136821,64139400
2020-02-10,304.3115234375,304.3751783793878,301.1382108157518,301.1745890323233,42070000
2020-02-11,304.8390197753906,306.4393011485693,304.31163256555146,305.6573495767884,54864500
2020-02-12,306.8030090332031,307.01212140657594,305.90282133354975,306.2665203619199,43992700
2020-02-13,306.47564697265625,307.43946184215287,305.1117548650529,305.3845221871912,54501900
2020-02-14,306.9666748046875,307.084883234379,305.6937143088903,306.88484460300674,64582200
2020-02-18,306.17572021484375,307.03042848292546,304.7936245906435,305.9756815191551,57226200
2020-02-19,307.6395263671875,308.31237098409207,306.8575748122398,307.13944365167055,48814700
2020-02-20,306.3756408691406,307.9122948602321,303.4023383220383,307.0939373986902,74163400
2020-02-21,303.2205505371094,305.33911773127744,302.40219294643487,305.02997213526146,113788200
2020-02-24,293.1640319824219,303.2931881390229,292.09108259097366,293.8187012092157,161088400
2020-02-25,284.2806091308594,295.15536915780245,283.40772583983846,294.54617947757,218913200
2020-02-26,283.2349548339844,289.2451599784566,282.5075567395727,285.671768973568,194773800
2020-02-27,270.5144348144531,283.28954954070747,270.5144348144531,277.74304808095087,284353500
2020-02-28,269.37786865234375,270.8599695999955,259.6305825334104,262.50385271289247,384975800
2020-03-02,281.0436096191406,281.1072645783154,267.7411105744401,271.1508409072188,238703600
2020-03-03,272.99664306640625,285.36260407327984,270.5689305856393,281.41641279396447,300139100
2020-03-04,284.4715576171875,284.68979925998445,275.8062960824147,278.343143597917,176613400
2020-03-05,275.0152893066406,280.4799610686068,272.7876147640359,277.30664657710474,186366800
2020-03-06,270.46893310546875,271.66916501204014,263.89498985282967,266.5500180417733,228667200
2020-03-09,249.34677124023438,258.40300728811127,248.6375484367583,250.31965987878343,309417300
2020-03-10,262.2492370605469,262.3401410197597,248.68304208033334,258.81222939877176,276444100
2020-03-11,249.46495056152344,256.3571676833108,246.30073857018888,255.22969239890026,255316300
2020-03-12,225.5968780517578,242.46368215490747,225.20588838049142,232.77095094586227,392220700
2020-03-13,244.8822784423828,246.84628632830442,225.9696392013214,239.21757012675997,329566100
2020-03-16,218.08636474609375,233.58926139863348,215.82229873657448,219.29567026756763,297240000
2020-03-17,229.861328125,232.92554905643092,215.55864748542567,222.80544944835165,262070500
2020-03-18,218.22271728515625,225.83323011072352,207.32977053212235,214.81298732757568,327597100
2020-03-19,218.68649291992188,224.93312927499895,211.14872068807995,217.54082834842114,289322000
2020-03-20,209.26235961914062,223.5942684841913,208.98797436710205,221.81992633759734,347158800
2020-03-23,203.91189575195312,210.0672050409845,199.62238105359475,208.70444775234532,326025200
2020-03-24,222.38694763183594,223.25583646686758,213.83537051261308,214.40242305268706,235494500
2020-03-25,225.7161407470703,234.45980644396235,219.27730546743715,223.96009476171582,299430300
2020-03-26,238.8957061767578,240.35905717065114,227.7832066302322,228.2130736603869,257632800
2020-03-27,231.77996826171875,238.53892113190597,229.612351668667,231.642782637783,224341200
2020-03-30,239.30718994140625,240.02058310167942,231.88057706481337,233.86527485232315,171369500
2020-03-31,235.74029541015625,240.84379757477546,234.3409457915001,238.31034256656636,194881100
2020-04-01,225.1307830810547,235.65793147048535,223.07291481173678,226.80451761479742,189554600
2020-04-02,230.32579040527344,231.1031990211072,223.70402184860143,224.25279236456615,177660400
2020-04-03,226.99659729003906,231.68854153043867,224.2802099883143,229.34713296100213,135561200
2020-04-06,242.2431640625,244.20043940890423,226.97836180136105,235.822623231847,188061200
2020-04-07,242.4900665283203,251.5446817524612,242.27056950109602,250.79469636061012,201427200
2020-04-08,250.63009643554688,252.43187579591768,242.5998371553158,245.0784176857371,153774500
2020-04-09,254.4439697265625,257.1877938663387,251.94707971118206,253.8768892919125,189999200
2020-04-13,252.12088012695312,253.8129107475081,248.23379557966797,253.47451020572214,114839100
2020-04-14,259.55670166015625,260.5719034927361,251.9837459245979,256.9866545266391,134143400
2020-04-15,254.0415496826172,259.69382092824196,251.937934347916,253.86777191417943,121775000
2020-04-16,255.2671356201172,256.1177144854086,252.21234780388616,255.31285486213815,131798300
2020-04-17,262.16326904296875,262.7668858033959,258.28531186903615,261.01085394981624,146684800
2020-04-20,257.5445251464844,262.3004990519238,257.3250281055535,258.47741548206835,100109300
2020-04-21,249.72457885742188,254.29761890727113,248.79166082381494,253.09948464714034,126385700
2020-04-22,255.2671356201172,257.004885491292,253.26414157499525,254.58117952005145,92951600
2020-04-23,255.24879455566406,259.6938040576203,254.94698618945023,256.5383952163667,104709700
2020-04-24,258.80670166015625,259.47437574126815,254.7184016023535,256.7579880798874,85063200
2020-04-27,262.53826904296875,263.6540921481232,260.31577784625483,260.77308193998005,77896600
2020-04-28,261.3310852050781,266.5168995404028,261.0292487828998,266.16934385989936,105270000
2020-04-29,268.1722412109375,269.6996490647606,265.6113496189512,266.6357062557457,118745600
2020-04-30,265.6754150390625,268.27289912485736,263.94679204552654,266.80036532536803,122901700
2020-05-01,258.6419982910156,265.83995862251214,257.4804282938248,260.94680035075305,125180000
2020-05-04,259.3554992675781,259.65730774517107,255.294635917444,256.76714197902675,80873200
2020-05-05,261.75177001953125,264.55046938143977,259.48353122781396,262.16335494813103,79569900
2020-05-06,259.9774169921875,263.82791023422936,259.5475499619621,263.44379036734006,73632600
2020-05-07,263.11444091796875,265.0351234329796,262.6114176478668,263.1784701811811,75250400
2020-05-08,267.4679870605469,267.9344461094257,265.10828260205517,266.2332605798592,76452400
2020-05-11,267.52288818359375,268.89480043068914,265.12661925786074,265.5473311983813,79514200
2020-05-12,262.19073486328125,269.11429745742555,262.0535213092714,268.70274053027424,95870800
2020-05-13,257.5537109375,262.66636814540334,255.13913155221232,261.6328562681384,144721100
2020-05-14,260.6358947753906,260.7639254068416,249.67887870539946,255.1299635672098,121977900
2020-05-15,261.833984375,261.87970361161774,257.3158184969402,258.25786364656517,111146300
2020-05-18,269.8094177246094,271.40998206704353,267.70583003920393,268.0259205783891,119703800
2020-05-19,267.03814697265625,270.9160766593907,267.0198648575471,269.2149188705736,95189300
2020-05-20,271.5745849609375,272.4343188348608,270.3307313034634,270.55938333564245,85861700
2020-05-21,269.6997375488281,272.2515028766382,268.611351287246,271.44664299463113,78293900
2020-05-22,270.2118225097656,270.3856002837618,268.18139138715867,269.4161179191645,63958200
2020-05-26,273.5409851074219,276.3854308835985,270.23010816848546,276.14762383993184,88951400
2020-05-27,277.6109924316406,277.647584570494,271.5196992030563,276.3213916753903,104817400
2020-05-28,277.098876953125,280.6384065978622,276.4312028479003,278.6354121938182,90405200
2020-05-29,278.3335876464844,278.91892240887853,273.89773207862925,276.63240179778086,119090800
2020-06-01,279.45849609375,280.06214079412035,277.18113083769884,277.6933091449905,55758300
2020-06-02,281.7724914550781,281.8182386135936,279.04697679082,280.3731419784623,74267200
2020-06-03,285.5224304199219,286.47363092722657,283.4737166303105,283.7480879729792,92567600
2020-06-04,284.7723388671875,286.2723094131286,282.6870337042213,284.5436868628639,75794400
2020-06-05,292.0710144042969,293.83620174403694,290.0771749870268,290.1412042675265,150524700
2020-06-08,295.6013488769531,295.79340876256344,292.3361912634575,292.87580669268345,73641200
2020-06-09,293.397216796875,295.6745826285939,292.08930565964937,292.9490397309873,77479200
2020-06-10,291.7601013183594,294.8606374227445,291.04670782972033,293.97346609223894,95000800
2020-06-11,274.94036865234375,285.49495551971415,274.3916260395954,284.86387360342525,209243600
2020-06-12,278.23291015625,282.68704694321315,273.10197233651155,281.91877952210046,194678900
2020-06-15,280.8304748535156,281.95545314075946,271.4008652615078,272.57156280032103,135782700
2020-06-16,286.2357177734375,288.68688847686843,281.3974614499298,288.54054784445304,137627500
2020-06-17,285.0467834472656,287.5436737805925,284.3150801698456,287.25099246962446,83398900
2020-06-18,285.1565246582031,285.63211084262696,283.08037422942215,283.53767829923845,80828700
2020-06-19,283.52691650390625,288.7998612118977,281.5885862007756,288.60695612206905,135549600
2020-06-22,285.34576416015625,285.740769602764,281.7906591077808,282.92975500160884,74649400
2020-06-23,286.6593933105469,288.910055192761,286.2551925803986,287.98222696658627,68471200
2020-06-24,279.3471374511719,285.2447743186567,277.51906654379894,284.6292778033308,132813500
2020-06-25,282.34185791015625,282.60826932957065,276.7657488767601,278.77755738775835,89468000
2020-06-26,275.63580322265625,281.4599607492552,275.05708801773886,281.24866508004715,127961000
2020-06-29,279.6869812011719,279.82477053732015,274.6069420891826,276.88516190649545,79773300
2020-06-30,283.2696533203125,284.95996268018115,279.09907976025323,279.25523166814565,113394800
2020-07-01,285.25390625,286.5124569965103,283.9219052338294,284.3812217292925,72396500
2020-07-02,286.8247985839844,290.012456292064,286.1633816866912,288.6712318949843,69344200
2020-07-06,291.2525939941406,291.83133729460695,289.8838397361495,290.6279302554761,61713800
2020-07-07,288.2486267089844,291.68430474186584,287.87198386046487,289.71844493786637,82910000
2020-07-08,290.4533386230469,290.5635700836482,287.2565141278047,289.01107826646074,54638600
2020-07-09,288.7997741699219,291.2984564209568,285.4008217135947,291.05960293018705,83354200
2020-07-10,291.7486877441406,292.01509919724424,287.3117021320966,288.73557224712687,57550400
2020-07-13,289.222412109375,296.45204937769444,288.57019052506786,294.081988558485,102997500
2020-07-14,292.97039794921875,293.7420461714256,286.6134463551581,287.8076578345248,93657000
2020-07-15,295.6619873046875,296.7551626349699,293.2918988610107,296.17641945606164,87196500
2020-07-16,294.68829345703125,295.13841466446394,293.12660611390436,293.76966043976955,54622500
2020-07-17,295.5426330566406,296.3234767747621,293.723729481606,295.6896177123011,62774900
2020-07-20,297.9311218261719,298.6752124646105,294.5321678217421,295.2762584601807,56308800
2020-07-21,298.5649108886719,300.3286704937744,297.5819668813905,299.8877446097255,57292200
2020-07-22,300.2644348144531,300.5767947733182,298.0964739152469,298.20670541392377,57792900
2020-07-23,296.6817626953125,300.60434429920406,295.3222035367767,299.90617411436045,75738000
2020-07-24,294.77093505859375,295.7906041405015,293.27355891752757,294.83524609108844,73766600
2020-07-27,296.9206237792969,297.09516632990903,294.669961227378,295.46000035664264,48293000
2020-07-28,295.037353515625,297.3063779975777,294.74338424671515,296.1948119559722,57495000
2020-07-29,298.6659851074219,299.2263658690615,295.8733326700447,295.9100858432154,48454200
2020-07-30,297.600341796875,298.0137378647775,293.631868503502,295.70796004076783,61861700
2020-07-31,299.9519958496094,300.0530600436379,295.1842889920088,299.38244795338665,84986800
2020-08-03,302.03741455078125,302.7998677637253,301.0636656116189,301.60565582987266,53077900
2020-08-04,303.2040100097656,303.2040100097656,301.1830061675054,301.1830061675054,41917900
2020-08-05,305.0872497558594,305.344493957488,304.232927632883,304.49933910281294,42697700
2020-08-06,307.1265869140625,307.2460137006027,304.1869778632997,304.5085050498795,43679400
2020-08-07,307.3470764160156,307.631850428163,305.2617613816024,306.16203189273534,57308300
2020-08-10,308.2657165527344,308.4494263523326,305.8680695802584,307.79720470001274,44282100
2020-08-11,305.7210998535156,310.07544003010565,304.99539985279966,309.44158091644624,69601100
2020-08-12,309.9835205078125,310.755168860554,308.11869664674026,308.1462545152505,53774400
2020-08-13,309.423095703125,310.72756670709043,308.50446283776773,309.2209953513684,41816100
2020-08-14,309.4323425292969,309.96516537922156,308.31160912555913,309.0373370596852,47260400
2020-08-17,310.415283203125,310.8102886684304,309.4415344570698,310.4428410719962,35481000
2020-08-18,311.0858154296875,311.5083786552479,309.2209639890799,310.8102087773632,38733900
2020-08-19,309.7905578613281,311.97688043726134,309.2301772598134,311.46244829769483,68054200
2020-08-20,310.755126953125,311.2328059543693,307.9441126063458,308.07270663056715,42207800
2020-08-21,311.8575439453125,312.07800689641704,310.0845609319981,310.42447869422375,55106600
2020-08-24,315.0176086425781,315.0910869399419,311.8299513355394,314.28268549668286,48588700
2020-08-25,316.1199035644531,316.20257714942005,314.42042733716255,315.577913595594,38463400
2020-08-26,319.2892761230469,319.55565950622474,316.1659295535639,316.7079196553296,50790200
2020-08-27,319.9874572753906,321.42971797916806,318.33392889941973,320.1528325405538,58034100
2020-08-28,322.0543518066406,322.18297388597506,319.82208029637775,321.0071247417891,48588900
2020-08-31,320.8875732421875,322.7156432703783,320.65791507645724,321.8429590612697,66099200
2020-09-01,323.9100036621094,324.0110398362748,320.8233821827026,321.71445732028485,54908700
2020-09-02,328.594970703125,329.559523949686,324.67239062235956,325.811514381806,69540000
2020-09-03,317.2866516113281,327.38241887389745,314.71446250184243,326.91390709312424,148011100
2020-09-04,314.69610595703125,319.52809635719643,307.62262081365446,317.96643711549046,139156300
2020-09-08,306.0976867675781,314.76041705680797,305.79455021998007,309.31290219076556,114465300
2020-09-09,312.1423645019531,314.59509930226375,309.2210897917374,310.08460719165936,91462300
2020-09-10,306.7223815917969,314.6593560242993,305.76699543534016,314.0071344529514,90569500
2020-09-11,306.87860107421875,309.551827020083,304.06758575680686,308.49540445893774,84680200
2020-09-14,310.9205017089844,312.6842893155275,307.02550695570335,310.0294266223759,65605700
2020-09-15,312.4914855957031,314.19093468394027,310.9297978538796,313.364170364224,52920900
2020-09-16,311.2513427734375,315.14633901116747,310.9757359615736,313.72246860382666,82096000
2020-09-17,308.5136413574219,310.222312971966,305.89553222666234,306.41915965970395,91523300
2020-09-18,304.9618835449219,309.42586185068205,302.4900987895025,309.3151891223313,105877900
2020-09-21,301.56781005859375,301.71538308915785,296.73491293099994,300.3964860710057,99450800
2020-09-22,304.6390075683594,305.19239924460896,300.5439485694505,303.04342914695485,63612100
2020-09-23,297.57415771484375,305.4691302783531,297.07610235711314,305.19242034775965,93112200
2020-09-24,298.3674621582031,301.41107570670744,294.9549018732996,296.2645952354748,76681300
2020-09-25,303.1910400390625,303.97498118619103,296.65186414481286,297.5188098317548,71069400
2020-09-28,308.2269287109375,308.93709761812033,306.3454075291194,307.3322864567737,64584600
2020-09-29,306.5483093261719,308.7618487014727,305.8565765122229,308.0240116252658,51304000
2020-09-30,308.8724670410156,312.00831599678094,307.0186145881831,307.21229184325324,104081100
2020-10-01,310.85540771484375,312.4233180156539,308.9831193152461,311.4549036577027,88698700
2020-10-02,307.904052734375,310.82778863279594,305.45993618333404,305.9303234212104,89431100
2020-10-05,313.3641357421875,313.54858090194296,309.9054723466813,309.95157659995147,45713100
2020-10-06,308.909423828125,315.5869704435292,308.40216435314886,313.5025398765093,90128900
2020-10-07,314.2864685058594,315.08887396765715,311.8238876072292,311.8515557905092,56999600
2020-10-08,317.07177734375,317.136345808454,315.30092949856623,316.2140356726997,45242500
2020-10-09,319.9034118652344,320.36456712865646,318.0956911136912,318.713623404534,59528600
2020-10-12,325.0498046875,326.5162746526731,321.9416235525097,322.43044687423406,80388500
2020-10-13,322.9284973144531,325.08669995512446,321.96928675859624,324.9114587531888,73255500
2020-10-14,320.8993835449219,324.588624372676,320.1707787470456,323.50030508369025,57727900
2020-10-15,320.5028381347656,320.98242937125696,316.4723465155033,317.0072741197945,60357700
2020-10-16,320.3092041015625,323.5003903778902,320.1339628643061,321.84944679111334,89501900
2020-10-19,315.4393005371094,322.19058938218416,314.54465857388607,321.5634252410943,68425600
2020-10-20,316.7028503417969,319.9309357295135,316.02034986675716,316.77662276612375,60051900
2020-10-21,316.1033935546875,318.81498786798693,315.7990154182925,316.6567571723614,63575000
2020-10-22,317.83734130859375,318.4184013053326,314.1850003748197,316.3155349317443,55399300
2020-10-23,318.9163513183594,319.1100285376837,316.4722354427557,319.05469218930534,49143900
2020-10-26,313.0229187011719,316.33400943251553,309.5457907177374,315.55004001693953,91473000
2020-10-27,311.94378662109375,313.69617053832854,311.73164512212657,313.36415234517256,65994100
2020-10-28,301.2818603515625,311.9714324418126,300.793037060004,306.29923020856904,127094300
2020-10-29,304.34393310546875,307.49821826025516,299.83382266999,301.5124340067126,90597700
2020-10-30,301.1712646484375,304.0765369599881,297.5373591944508,302.7760758374179,120287300
2020-11-02,304.546875,306.5390404964642,301.8168162223565,304.546875,86068300
2020-11-03,309.9239196777344,311.9714496081248,304.62986772162367,307.76571701813515,93294200
2020-11-04,316.8504333496094,320.90859233592846,313.2072970382518,314.3786207831499,126959700
2020-11-05,323.02996826171875,324.8284847044749,321.75717547412864,322.107657910906,82039700
2020-11-06,322.9560852050781,324.20120938155344,320.6410780104958,322.74394376424596,74973000
2020-11-09,327.01434326171875,336.0714373165098,326.55318810389855,335.69328670949596,172304200
2020-11-10,326.5347595214844,327.58617866916313,323.27900515845005,326.02747194823814,85552000
2020-11-11,328.9604797363281,329.78132139843365,327.4755452793895,328.71143790159545,58649000
2020-11-12,325.7691650390625,329.0064827205813,323.9706771078529,327.95503562356157,67546200
2020-11-13,330.279296875,331.01713379560016,327.15265170494035,327.6691431786953,62892200
2020-11-16,334.40203857421875,334.59571584824243,331.65354385962263,332.9355686346887,74541100
2020-11-17,332.603515625,333.8025358299785,330.5006493949441,332.0040195958482,66111000
2020-11-18,328.6007385253906,333.4151997977144,328.5638382294052,332.8710400553141,70591300
2020-11-19,329.9841613769531,330.3530798490243,326.63617065322336,327.9735317794911,59940900
2020-11-20,327.72442626953125,329.92876085719394,327.6506538481325,329.7258515150102,70417300
2020-11-23,329.6889953613281,330.94335186636596,327.3002153270848,329.5229862809576,63230600
2020-11-24,335.0014343261719,335.5455938404505,331.3767628354681,332.2252722606708,62415900
2020-11-25,334.485107421875,334.9462626417011,333.3967878582888,334.91859445437876,45330900
2020-11-27,335.41656494140625,335.88692400664513,334.4112220479706,335.5733419142613,28514100
2020-11-30,333.931640625,334.90928722000234,331.2661786885653,334.6418093714301,83872700
2020-12-01,337.5840148925781,339.11505340908474,336.5787000163199,337.16899213449574,74231400
2020-12-02,338.294189453125,338.45096643579234,335.90540924809943,336.4772371080401,45927000
2020-12-03,338.2019348144531,339.5854001362347,337.1043834074392,338.1927027053722,62882000
2020-12-04,341.116455078125,341.116455078125,338.690774592366,338.7830112476437,50749900
2020-12-07,340.4154357910156,340.90425902440904,339.1518754413008,340.35086732798777,48944300
2020-12-08,341.41162109375,341.9742168745156,339.10584531026393,339.1519495672629,42458900
2020-12-09,338.3495178222656,342.2232039496902,337.5194442340086,342.0664269707274,74098300
2020-12-10,338.2388610839844,339.2810480632366,336.1175305396437,336.9845044596191,57735400
2020-12-11,337.84228515625,338.24810398025454,335.03848183162887,336.5510562374535,57698600
2020-12-14,336.3296813964844,341.070341758888,336.15444018565523,340.00048656717314,69216200
2020-12-15,340.8766174316406,340.8766174316406,337.49175481944405,338.8567558775116,63865300
2020-12-16,341.41162109375,342.32469929707383,340.21260079833104,341.08880685472656,58420500
2020-12-17,343.32073974609375,343.52364911590456,342.2231883566635,343.0440579448397,64119500
2020-12-18,341.94989013671875,343.7745873422909,339.94920475396054,343.6078706270574,136542300
2020-12-21,340.7273254394531,350.54549505048345,335.32734770004896,338.0505010968188,96386700
2020-12-22,340.15301513671875,341.1626152638314,339.0322705209926,341.0514707752179,47949000
2020-12-23,340.45867919921875,342.35746343749054,340.13448894065533,341.116302912313,46201400
2020-12-24,341.783203125,341.8109892466204,340.3475397301883,340.9310482842166,26457900
2020-12-28,344.7193603515625,345.1083660073762,343.70048890382196,344.3210549674562,39000400
2020-12-29,344.0617370605469,346.4143989143609,343.4782002616362,346.23841072844647,53680500
2020-12-30,344.55267333984375,345.5808164221914,344.16366761858706,344.8768636186617,49455300
2020-12-31,346.30328369140625,347.02575115427703,343.8487486102848,344.3581702862446,78520700
2021-01-04,341.5886535644531,347.757426120549,337.9114732173505,347.62773872628424,110210800
2021-01-05,343.94134521484375,345.0250605268472,340.9032733293273,340.949602377982,66426200
2021-01-06,345.9975891113281,349.17461974787045,341.8943450056138,342.4408242377529,107997700
2021-01-07,351.1382751464844,351.87925728639124,348.1835615169557,348.3595497218485,68766800
2021-01-08,353.138916015625,353.3519335138123,349.28574719059816,352.5183216455743,71677200
2021-01-11,350.7585144042969,352.5090967320955,349.86005871507695,349.9804746734245,51034700
2021-01-12,350.8326110839844,351.8422112962133,348.60036486061927,350.94378384862574,52547700
2021-01-13,351.7773742675781,352.768431491567,349.98046294933357,350.75850265414215,45303600
2021-01-14,350.5454406738281,353.01851855461456,350.2120072157381,352.51834010082484,49989100
2021-01-15,347.9890441894531,349.73035497253096,346.1365606500185,348.9338006185688,107160000
2021-01-19,350.7214660644531,351.25870215945235,348.96161222679353,350.43433335620296,51233300
2021-01-20,355.574951171875,356.40856307524916,352.61096633026204,352.999972027398,61836100
2021-01-21,355.899169921875,356.55682200681423,354.98219950859266,356.1307303912218,47840100
2021-01-22,354.63946533203125,355.79726758341997,353.676165944212,354.0559284746663,52860500
2021-01-25,356.03802490234375,356.38997296903665,350.5453906898766,355.371129814601,70402000
2021-01-26,355.4822692871094,357.39032470947745,355.2507088886021,356.9827761467726,42665300
2021-01-27,346.7942199707031,352.26831278333765,344.57124514864984,352.1756829435316,123351100
2021-01-28,349.7767028808594,353.7595313987344,348.1650511599813,348.6003576792307,94198100
2021-01-29,342.7743225097656,348.8875242713741,341.1070702475137,347.9242248487391,126765100
2021-02-01,348.4799499511719,349.5080647438886,343.0614299643618,346.1550740721614,75817600
2021-02-02,353.4075012207031,354.9543372615442,348.5632753314943,351.6476476844072,64450700
2021-02-03,353.6853942871094,355.3989470635839,352.4164476969592,354.2318734911407,52427100
2021-02-04,357.7052917480469,357.75159252733863,353.79655056291546,354.7135208194631,47142600
2021-02-05,359.11322021484375,359.8171730670878,357.6590419911168,359.5670979432602,48669800
2021-02-08,361.7066650390625,361.7529658186462,359.7059795212632,360.558106078852,38365200
2021-02-09,361.4658203125,362.0586285633891,360.46549172244113,360.8730120616109,35551100
2021-02-10,361.308349609375,363.34609265440474,358.9186584626159,363.197890590525,59154400
2021-02-11,361.891845703125,362.79957264230774,359.4743687079311,362.3827526178569,42913300
2021-02-12,363.6795654296875,363.92036905749677,361.0212279279476,361.09534309546916,50593300
2021-02-16,363.3646240234375,365.09671982469814,362.6514280582041,364.90218870691695,50972400
2021-02-17,363.4479675292969,363.6980425939292,360.61364213020715,361.6232703836871,52290600
2021-02-18,361.901123046875,362.64210502833146,359.1409128726459,360.854465504746,59712800
2021-02-19,361.26214599609375,363.4388202281196,360.8175396848733,363.1516874854546,83241000
2021-02-22,358.48333740234375,360.88230010289743,358.2147193846534,358.51112352371484,67414200
2021-02-23,358.9186096191406,360.26167120695595,352.15705744136244,356.2880869432202,107284100
2021-02-24,362.8737487792969,363.2998403698214,356.85317693048404,357.83499100141944,72433900
2021-02-25,354.1300048828125,362.9756307811768,352.6943414403151,361.614054243243,146670500
2021-02-26,352.3053283691406,357.14031184524765,350.3324570181541,356.0010524866953,152701600
2021-03-01,360.8452453613281,362.0864341700933,352.49982648838284,357.1495498565867,105348800
2021-03-02,358.0295715332031,361.2992044884616,357.52939296516706,361.06764400078987,79595300
2021-03-03,353.2871398925781,358.29808287365273,353.18523860165686,357.3348118079067,119940200
2021-03-04,348.9151916503906,355.6767434350753,344.45070074306943,353.1017931419144,183433000
2021-03-05,355.3341369628906,356.3807946921803,345.1547488924629,352.39793809635813,152039600
2021-03-08,353.5649719238281,359.0853643704964,353.28711072907987,356.2881246989713,123149200
2021-03-09,358.613037109375,361.15093050380403,356.89021272533046,357.39039119381505,113633600
2021-03-10,360.8452453613281,362.53101211553303,359.53926937994413,360.94714665159455,109899400
2021-03-11,364.5039367675781,366.46756487354185,362.8459560202513,363.29983372649673,86245000
2021-03-12,364.9947814941406,365.1337120879891,362.3457439492556,363.15156966022903,64653600
2021-03-15,367.1714782714844,367.43082481864235,363.11453507428547,365.2448796926078,73427200
2021-03-16,366.7084045410156,368.4867730167218,365.93960799649045,367.7828484506394,73722500
2021-03-17,367.95880126953125,368.75535559488856,364.2908636411773,365.43015115301284,97959300
2021-03-18,362.6051330566406,367.458630815987,361.92896639831395,365.3838583264933,115349100
2021-03-19,361.9341735839844,363.87635566268045,359.7689461369749,362.30587805219596,113624500
2021-03-22,364.8242492675781,366.1995871570597,362.3895521009953,362.4453063598302,73778600
2021-03-23,361.9528503417969,365.6327738193185,361.17226223197355,364.1924079665328,90686600
2021-03-24,360.1128234863281,364.97294445181643,360.0663710560635,363.3467123632342,97588600
2021-03-25,362.1386413574219,362.928502774503,356.7488269231494,358.6817356717282,116128600
2021-03-26,367.9744873046875,368.3740689250356,362.6869079495488,363.28162946554033,114409100
2021-03-29,367.7886657714844,368.6900641641759,365.0287163307063,366.5062610108265,108107600
2021-03-30,366.8128967285156,367.4819761652533,365.22381534174167,366.5248236170681,76262200
2021-03-31,368.2997131347656,369.85161555750506,367.35186241979716,367.379739547907,112734200
2021-04-01,372.27703857421875,372.3328211938381,370.0189059510316,370.22334769217844,99682900
2021-04-05,377.6203308105469,378.1593264135541,374.85110832067795,374.92543787321307,91684800
2021-04-06,377.3973083496094,378.43809222549146,376.72822894950895,377.062782829176,62021000
2021-04-07,377.8341369628906,378.1779643738996,376.77477759813956,377.2301135360446,55836300
2021-04-08,379.6275939941406,379.6833482520154,378.1500494419872,379.07932488554803,57863100
2021-04-09,382.3875732421875,382.55486438819275,379.3860314735494,379.50684182818276,61104600
2021-04-12,382.52691650390625,382.79638593522094,381.1887577388025,381.7927810410096,56704900
2021-04-13,383.6606140136719,384.2832409869861,382.04368395170513,382.42469025489237,56551000
2021-04-14,382.3504333496094,384.6828956772721,381.81143765372315,383.6328097766472,61659900
2021-04-15,386.4577941894531,386.7272920226282,384.43198042379737,384.4784328546867,60229800
2021-04-16,387.7494812011719,388.35350456848977,386.3276909048911,387.7401793717676,82037300
2021-04-19,385.8444519042969,387.2662422093501,384.52489664561284,386.82020814297175,78498500
2021-04-20,383.0194396972656,385.7329078820872,381.55116873929074,384.63636975752553,81851800
2021-04-21,386.64361572265625,386.8480574414504,382.26670824654997,382.4061222414996,66793000
2021-04-22,383.1123962402344,387.30343777713887,382.05303692792,386.4763973374381,97582800
2021-04-23,387.2662353515625,388.66945033208026,383.59561440222234,383.6699439588904,73209200
2021-04-26,388.0746765136719,388.6415492403517,387.33126755588586,387.9167155807785,52182400
2021-04-27,387.9910888671875,388.567263487537,386.85737164526927,388.3720952177508,51303100
2021-04-28,387.8795166015625,389.37566462785594,387.41487893712383,388.2605228895101,51238900
2021-04-29,390.3514404296875,390.96476562535156,386.9874678625414,390.59306111989224,78544300
2021-04-30,387.78656005859375,388.9388806813294,386.89446373714577,388.0932367798367,85527000
2021-05-03,388.623046875,390.14704403223993,388.13053196720887,389.7660376531201,68128300
2021-05-04,386.2254943847656,387.13619462090406,382.5548730269321,386.64367972036484,101591200
2021-05-05,386.34625244140625,388.0932947530025,385.7886815225001,387.8609759000612,60162200
2021-05-06,389.4314880371094,389.5615718594526,384.42267951252586,386.4206161525747,74321400
2021-05-07,392.2656555175781,392.91615952221593,389.5150087775906,390.1933899047569,67733800
2021-05-10,388.3813781738281,392.84188892503846,388.2605678296134,392.6188718952487,81852400
2021-05-11,384.9151916503906,385.9002213981806,381.0587040499787,383.88370947193107,116888000
2021-05-12,376.737548828125,383.4097394915113,375.42726709184967,382.14593854145664,134811000
2021-05-13,381.2630920410156,383.1866988347354,378.2336453045816,378.2801260879357,106394000
2021-05-14,387.1175842285156,387.9632283561021,383.95805312758887,383.98593025886146,82201600
2021-05-17,386.1324768066406,386.9409701694624,384.1252386808852,386.0116948349033,65129200
2021-05-18,382.8056945800781,386.6343045309309,382.6477052906037,386.3926838620524,59810200
2021-05-19,381.80206298828125,381.97862757643315,376.66317135235914,378.14074413936413,106467100
2021-05-20,385.9095153808594,387.16404293504047,382.5548445523857,382.6756265415183,78022200
2021-05-21,385.5935363769531,388.6229832530187,385.1382005063425,387.3870310910262,76578700
2021-05-24,389.52435302734375,390.59301398629543,387.5821426291598,387.82376329020775,51376700
2021-05-25,388.66015625,390.95546775246584,388.084010006822,390.6023385429732,57451400
2021-05-26,389.4314880371094,389.93327638516723,388.2141394088324,389.2456215946333,43088600
2021-05-27,389.6358947753906,390.96475180607416,389.3570951367238,390.4536616740374,56707700
2021-05-28,390.3328857421875,391.4573011473298,390.10056686910303,391.19710514384474,58520200
2021-06-01,389.9890441894531,392.8233229944938,389.5522835895408,392.68393734755085,54216600
2021-06-02,390.6023864746094,391.4387571720347,389.6359603038898,390.63956543786463,49097100
2021-06-03,389.1526794433594,390.2863966542775,386.83879259158886,388.2977618897576,58138800
2021-06-04,392.7117919921875,393.0091669281305,389.21770739294345,390.99262682035794,55938800
2021-06-07,392.3307800292969,392.8790491074856,391.40150463726826,392.70248451426147,51555000
2021-06-08,392.4144592285156,393.27867864219405,390.59308717878474,393.1857454198201,47134300
2021-06-09,391.82904052734375,393.3251889499002,391.6060234643003,393.2508310227257,48436300
2021-06-10,393.650390625,394.5982698082267,391.73608531665377,393.0463672069907,51020100
2021-06-11,394.3009033203125,394.41241184797695,392.9162918364142,394.19869662303313,45570800
2021-06-14,395.1836242675781,395.28583093843525,393.17638621080886,394.4123098852329,42358500
2021-06-15,394.4588317871094,395.3695035287047,393.585310642845,395.3323529313738,51508500
2021-06-16,392.2564392089844,394.82124847769757,390.22135210226025,394.59823144884797,80386100
2021-06-17,392.1264343261719,393.1021623830284,389.663859606148,391.8476629839961,90949700
2021-06-18,386.83642578125,389.5494393113769,386.6313151981734,388.85953482830837,118676300
2021-06-21,392.3742980957031,392.5607725814609,387.7779893870937,388.5890993413175,72822000
2021-06-22,394.4720153808594,395.30178987033617,391.64710042623443,392.36500160297555,57700300
2021-06-23,393.99664306640625,395.34848383758776,393.9127380628448,394.54670594665487,49445400
2021-06-24,396.32733154296875,396.74685645396283,395.8798098525635,396.13155325117157,45110300
2021-06-25,397.7351379394531,398.1826596628426,396.7468856958135,397.0732018408674,58129500
2021-06-28,398.5369873046875,398.70479729962966,397.0639410401673,398.2573039797839,53159600
2021-06-29,398.7513732910156,399.5531510094126,398.2199465974664,398.91918326202716,35970500
2021-06-30,399.0870056152344,399.75827397212026,398.26656335103905,398.29453168040874,64827900
2021-07-01,401.2966003417969,401.45510651405067,399.77692134836326,399.84219026940974,53441000
2021-07-02,404.3639221191406,404.7182065985421,401.3805008260889,402.4526865249136,57697700
2021-07-06,403.6274108886719,404.6343277321894,400.90506510112056,404.4198848881772,68710400
2021-07-07,405.0538330078125,405.33354476274883,402.303519022366,404.3079918986779,63549500
2021-07-08,401.7535095214844,402.5086829915684,398.5836132571109,399.75834018924974,97595200
2021-07-09,406.0420227050781,406.34037048355896,401.5575875765757,403.25440855817396,76238600
2021-07-12,407.4964904785156,407.7482339001441,405.52931821683023,405.95817542684443,52889600
2021-07-13,406.10736083984375,408.2050710020873,405.8463136021785,406.71336030742225,52911300
2021-07-14,406.71331787109375,408.27962958567196,405.47335073456526,407.7948073005834,64130400
2021-07-15,405.3243103027344,406.05151551781313,403.43171029092554,405.3802469768157,55126400
2021-07-16,402.14501953125,406.54555043309637,401.7534629006535,406.4989460325066,75874700
2021-07-19,396.2062072753906,402.21032270665535,393.40926015344803,397.3436335763946,147987000
2021-07-20,401.8839416503906,403.15190560272424,396.0756054886236,396.86807940233047,99608200
2021-07-21,405.13775634765625,405.2776264574665,401.8373794156442,403.07734671744265,64724400
2021-07-22,405.9862060546875,406.22861725285645,404.3360174299691,405.3149375806969,47878500
2021-07-23,410.16290283203125,410.4985227710104,407.2261145579136,407.90668669595885,63766600
2021-07-26,411.1697998046875,411.17913206497195,409.52894375936796,409.5755481567641,43719200
2021-07-27,409.29583740234375,410.16288399022255,406.4802263786354,410.13491566325905,67397100
2021-07-28,409.1280822753906,410.498587479619,407.71097266740617,409.9205563033624,52472400
2021-07-29,410.82489013671875,411.8970474559631,410.04174839608766,410.05108065733845,47435300
2021-07-30,408.8296813964844,410.2747590491166,408.13974857508884,408.2702864028163,68951200
2021-08-02,407.9719543457031,411.0858848397279,407.61766988765027,410.5358220845451,58783300
2021-08-03,411.2909851074219,411.4121906770932,406.58280312195876,408.7644180200078,58053900
2021-08-04,409.2679443359375,411.2630850809124,409.0348654177105,410.0137854934574,46732200
2021-08-05,411.8597412109375,411.9436461991985,410.10698336189347,410.4239672459952,38969700
2021-08-06,412.540283203125,412.95983656575635,411.8969832214965,412.1766949472546,46930000
2021-08-09,412.20465087890625,412.8292863221601,411.44014535097375,412.5123024707758,41222600
2021-08-10,412.7174987792969,413.4260678014038,411.9716576154071,412.65222985315194,43339300
2021-08-11,413.7430419921875,413.83627924848605,412.66155241355983,413.78034258511013,44034300
2021-08-12,414.98291015625,415.1227802332894,412.6987544087312,413.5937692609341,38909400
2021-08-13,415.7381896972656,415.75682576675683,414.9457157376628,415.43050961256574,39470300
2021-08-16,416.71710205078125,416.8476114388509,412.89460242623954,414.44224972601063,73740000
2021-08-17,413.9854736328125,414.84318814832017,411.0113842575715,414.17191970261024,92673900
2021-08-18,409.45440673828125,414.5355387391959,409.2120240010242,412.978558984422,89351900
2021-08-19,410.08837890625,411.2817703416824,406.60152721840166,406.7413688859858,92812200
2021-08-20,413.3514099121094,413.67772604605483,409.948463834136,410.4332861309736,72008700
2021-08-23,416.9874572753906,417.89180448672965,413.4260050862399,415.02958895216034,54973000
2021-08-24,417.6493225097656,418.1807491056021,417.13656043084046,417.6493225097656,38744700
2021-08-25,418.5257873535156,419.03854953793854,417.4629339431671,417.83588293403466,40529700
2021-08-26,416.05517578125,418.4791736205417,415.9619385292738,418.2460947166087,57829600
2021-08-27,419.77508544921875,420.14800598686645,416.80099650435585,416.85693316240236,77235100
2021-08-30,421.6210632324219,422.40420486497374,420.203925414651,420.44633655758804,48357400
2021-08-31,420.9964904785156,421.86353728246513,420.3998232039332,421.5279172752659,59300200
2021-09-01,421.2201232910156,422.44145429599706,420.9870444205686,421.9286921618179,48721400
2021-09-02,422.5161437988281,423.31792162382027,421.3227808707356,422.6373493891215,42501000
2021-09-03,422.41357421875,422.92636491207014,420.98713237168766,421.38804973614276,47170500
2021-09-07,420.9031677246094,422.16179940000075,420.2318993945348,422.06856215515467,51671500
2021-09-08,420.3904113769531,421.0989803051799,418.47914741318687,420.3717753085308,56181900
2021-09-09,418.591064453125,421.9380740118784,418.34865329472603,420.1946484083509,57970400
2021-09-10,415.29058837890625,420.9310853626896,415.1693828204036,420.51156048942164,89948200
2021-09-13,416.353515625,418.5351593108477,414.0506948028417,418.2741120636888,83738600
2021-09-14,414.1066589355469,417.99439930193716,413.2209476783512,417.789288718798,78197100
2021-09-15,417.5655212402344,418.05964737696985,413.4260376429731,414.5261632376649,78792200
2021-09-16,416.90350341796875,418.0129326039961,413.9666870513968,417.0433450420891,77786700
2021-09-17,412.842529296875,416.5556814670835,412.48710977006306,416.13481245625456,118425000
2021-09-20,405.95867919921875,408.31563107334745,401.1137908654286,406.74432982392835,166445500
2021-09-21,405.5751953125,409.5782885516768,405.05142823770416,408.2875666376567,92526100
2021-09-22,409.5314636230469,411.5610822337272,405.687384755819,407.838568692879,102350100
2021-09-23,414.5073547363281,416.1067425610066,411.15898434825647,411.39280997305156,76396000
2021-09-24,415.1900939941406,415.9009329556939,412.6647660835853,412.8798959122565,62094800
2021-09-27,414.0022888183594,415.32104015057223,413.31014559826434,414.16127425016805,61371100
2021-09-28,405.6593017578125,411.57041895561554,404.92976712881,411.24305745242566,130436300
2021-09-29,406.3421936035156,408.7646237192778,405.78100637960586,407.03430833854253,82329200
2021-09-30,401.3757629394531,408.5120976496136,401.0390391681567,407.81062071451305,140506000
2021-10-01,406.145751953125,407.8199514345855,399.5893007811886,403.09668518630104,129240100
2021-10-04,400.90802001953125,405.8838069157906,398.7755032227819,404.9859246361656,128570000
2021-10-05,405.0794677734375,407.3148256262935,401.6095039247003,402.40448811569496,90682500
2021-10-06,406.7630310058594,406.9687986871979,399.87921865411016,401.4972736297954,113032200
2021-10-07,410.27978515625,413.10438834176847,409.8495540118839,410.0272637647416,72437500
2021-10-08,409.5314636230469,411.4301547502559,408.90482704747944,411.04667737060987,74557400
2021-10-11,406.566650390625,411.77629222213716,406.5011723645591,408.8768487322521,65233300
2021-10-12,405.5657958984375,407.8853559760008,404.7801453584149,407.4831828203635,71181200
2021-10-13,407.0249328613281,407.83864146494665,403.62044662249696,406.58533954701886,72974000
2021-10-14,413.87127685546875,414.02092865194055,410.2048791998145,410.67253036010317,70236800
2021-10-15,417.0233154296875,417.38809710044063,415.35847814408345,415.97578121085803,66260200
2021-10-18,418.2579345703125,418.59462977547827,414.5915361472241,415.2462593259366,62213200
2021-10-19,421.4846496582031,421.55009912756316,419.2679591915799,419.87592853190614,46996800
2021-10-20,423.14013671875,423.439440319079,421.83071914626356,421.94295086059634,49571600
2021-10-21,424.243896484375,424.4683599711614,422.11140773039466,422.5416389277919,41305400
2021-10-22,423.8042297363281,425.2539656192229,421.86814686856104,423.8135918943795,58845100
2021-10-25,426.0770263671875,426.40438793845834,423.12149569678843,424.88920251258514,45214500
2021-10-26,426.4604187011719,428.82673232287635,426.0863034985896,427.62021293528545,56075100
2021-10-27,424.5711975097656,427.58287254810574,424.4963573294037,426.9188157990134,72438000
2021-10-28,428.6678466796875,428.74265832035,425.98353308393456,425.992866699538,51437900
2021-10-29,429.5377197265625,429.82766124956555,426.0864508436728,426.3763923666759,70162400
2021-11-01,430.27655029296875,430.8938533397437,428.5555971973382,430.5197095224262,48433600
2021-11-02,432.01617431640625,432.32484009362486,430.31391709227427,430.4448731294371,48908400
2021-11-03,434.6537170410156,435.05589020838045,431.0153771334454,431.4549703875679,52509800
2021-11-04,436.7021179199219,436.78629172441015,434.90632446133264,435.2523818386185,52847100
2021-11-05,438.2172546386719,440.20009126070624,436.71143139873345,438.91873147438207,66390600
2021-11-08,438.5914611816406,439.8073717424732,437.9087085204252,439.31166248380566,50405200
2021-11-09,437.1416015625,439.18991592053965,435.73864808675563,438.9560903412489,51149100
2021-11-10,433.62493896484375,437.14168548634404,432.1471735790114,435.45812386633844,69429700
2021-11-11,433.7652893066406,435.18696756815694,433.746593529631,435.1121273737766,34848500
2021-11-12,437.0387268066406,437.59055177805936,434.0831679013753,435.0278324259744,53466700
2021-11-15,437.1884765625,438.4791986852117,436.06613059639767,438.32021323135274,46980500
2021-11-16,438.9188232421875,440.0505314483277,436.85181239288346,436.92662404534116,48857500
2021-11-17,437.8525390625,438.8345952994172,437.23523596897536,438.65688553568276,47858300
2021-11-18,439.339599609375,439.601483135465,436.1689108233059,438.88128203134477,50625600
2021-11-19,438.5540466308594,440.4714055296714,438.18926491878597,439.22743709652724,57315600
2021-11-22,437.3193359375,442.90309222744014,437.11356827439874,440.4245466558774,72762000
2021-11-23,437.8992614746094,438.7503901392518,434.4012394044777,436.99201694576334,73206500
2021-11-24,439.06842041015625,439.1900143055321,435.09338467174774,435.9070933030563,61858800
2021-11-26,429.2757873535156,433.88682180438246,428.1534129420354,432.4277521953583,112669600
2021-11-29,434.54144287109375,436.3746273388419,431.8571299075296,434.0457338068449,86268800
2021-11-30,426.0863952636719,434.0084084065052,425.84320748519656,432.10974551490875,148559600
2021-12-01,421.353759765625,434.6070082311195,421.15735424039565,431.77304290871774,131939200
2021-12-02,427.8073425292969,429.369310207567,421.1760514660489,421.56889106102784,127637800
2021-12-03,424.08477783203125,430.5196336252582,419.87591751768986,429.4627660114675,137331600
2021-12-06,429.1073913574219,430.9779961367995,424.21574958381035,426.6194835756699,98977500
2021-12-07,437.9833679199219,438.54455501882705,428.97640203913613,434.3637525195676,95484700
2021-12-08,439.14324951171875,439.59220501791617,436.62728333146055,438.37632310215554,72238800
2021-12-09,436.1783447265625,439.2461359124412,435.98193918547975,437.86187787932255,61272600
2021-12-10,440.2842712402344,440.4339230591345,436.3279600988827,438.8719839338528,77159800
2021-12-13,436.384033203125,440.115880522037,436.10342536649597,439.7698232123747,87724700
2021-12-14,433.3817138671875,435.60773818463684,430.47293705354144,433.1291924903542,97264100
2021-12-15,440.1533508300781,440.3965100644385,430.9312535760348,433.437885904042,116899300
2021-12-16,436.2718200683594,442.2764455495963,434.72854825907325,441.9958662441794,116568600
2021-12-17,431.6285705566406,436.19949071531244,429.9297281289503,433.2053919298383,135511600
2021-12-20,427.0389709472656,427.4331620445399,423.4347948406732,426.56967673583256,107134800
2021-12-21,434.62274169921875,434.76352423036354,428.2872700067012,430.4460118667737,69806300
2021-12-22,438.9683837890625,439.08100980710736,434.1721824687357,434.3693066437573,58890200
2021-12-23,441.6997375488281,443.1920897716103,439.86011217679714,439.96334315913737,56439700
2021-12-27,447.95068359375,447.9976015537163,443.0230947726751,443.07001273264143,56808600
2021-12-28,447.5845947265625,449.40545830656606,446.8243405006627,448.38240050434825,47274600
2021-12-29,448.1571960449219,449.1708589058926,446.6930004438283,447.6879018485856,54503000
2021-12-30,446.9183044433594,449.5838923511924,446.458405243392,448.57959577986344,55329000
2021-12-31,445.79193115234375,447.5752433544864,445.5197611440757,446.4301930229222,65237400
2022-01-03,448.3730773925781,448.5044935235423,444.7501397489699,447.0496642498278,72668200
2022-01-04,448.2228088378906,450.5036000620775,446.37378883343314,449.790263823777,71178700
2022-01-05,439.61602783203125,448.62648196413437,439.5221632658069,447.8568326219161,104538900
2022-01-06,439.2030944824219,441.90623388075556,436.847228237835,439.1561765159226,86858900
2022-01-07,437.4666442871094,440.385668974707,436.1150747602866,439.21243352735695,85111600
2022-01-10,436.92230224609375,437.13815924974546,428.55947603097115,434.2848710913376,119362000
2022-01-11,440.9018249511719,440.99568950369195,433.6746840587262,436.65941642560045,74303100
2022-01-12,442.0938720703125,444.140016431985,440.1416209152974,442.62887430153415,67605400
2022-01-13,436.0024719238281,443.8396908575435,434.9794139965531,443.1920625646944,91173100
2022-01-14,436.1807556152344,436.52802870303964,431.6567531379873,432.8675400643002,95890900
2022-01-18,428.4561767578125,431.71307940228024,427.3486494050049,431.5065888243464,109709100
2022-01-19,424.00732421875,431.3846155465078,423.73512555326494,429.99552299874756,109357600
2022-01-20,419.3143005371094,430.5679644846723,417.20247697536684,425.88441828475294,122379700
2022-01-21,411.08294677734375,420.5439049938418,411.05479027183264,418.19743405643766,202271200
2022-01-24,412.8287658691406,413.3356116835618,394.92050974188936,405.4983919140663,251783900
2022-01-25,407.7885437011719,412.7161332894427,400.9180690579554,406.4651304888225,167997300
2022-01-26,406.7654724121094,416.77082885836546,402.5230342303155,413.65470828881433,186391100
2022-01-27,404.7568359375,414.4712312098772,403.0767833933203,411.34574456850135,149878300
2022-01-28,414.8091735839844,414.85609154872685,401.5469143096676,406.10844039096463,164457400
2022-01-31,422.2803039550781,422.62757707476004,412.800555532894,414.1427300497246,152251400
2022-02-01,425.13360595703125,425.7718391626573,419.49268078948916,423.00299206387587,123155400
2022-02-02,429.26336669921875,429.98606938188885,425.2274198046737,427.5269726075797,117361000
2022-02-03,419.1736145019531,425.15241844539145,418.3382570186423,423.2564800563561,118024400
2022-02-04,421.1446228027344,424.9740508376599,416.57367327477516,418.9389343536051,118454400
2022-02-07,419.79296875,423.29388441464124,418.46955594684005,421.90479220629885,84472900
2022-02-08,423.24700927734375,424.16683612077446,417.87828306849536,419.2955605639941,81012000
2022-02-09,429.44171142578125,429.7608280199488,427.0670841027158,427.26417963134577,92589900
2022-02-10,421.7265319824219,429.6012734878491,419.7367292271085,423.6224701723359,140103700
2022-02-11,413.41064453125,423.87589961159756,411.98400045457316,421.81102228825836,153214600
2022-02-14,412.05902099609375,414.480594825984,408.6050229613756,412.9037733723224,123006300
2022-02-15,418.70428466796875,418.8732237029998,415.96359397809533,416.4798347763938,88482700
2022-02-16,419.1736145019531,420.5439456416827,414.7997888146647,416.6675706954675,84863600
2022-02-17,410.21942138671875,419.1454057486569,409.618739738148,416.0011290518587,102259100
2022-02-18,407.56329345703125,411.7212336252634,405.3012917415309,410.47289488363754,132642900
2022-02-22,403.1894226074219,408.7552449000615,399.70723904825377,405.36695455226914,124391800
2022-02-23,396.03741455078125,406.65284780613894,395.47425574268425,406.089688998042,132578000
2022-02-24,401.9974060058594,402.42917729930826,385.4219598312815,385.7785993678831,213942900
2022-02-25,410.8670959472656,410.95156547095496,401.5844423836347,403.22697217896933,121804500
2022-02-28,409.81585693359375,411.2894475933548,404.2500346060891,405.4983445727152,145615000
2022-03-01,403.57427978515625,410.32273316160007,400.8805068214816,408.3235351417943,137785900
2022-03-02,410.99847412109375,412.716078231037,405.0665887622246,405.81744799908034,117726500
2022-03-03,408.9523010253906,414.0206721272684,407.15959393144027,413.4199905086059,105501700
2022-03-04,405.6297912597656,406.7560802365222,401.60323870750193,405.2355714996603,113978200
2022-03-07,393.672119140625,405.75174706324987,393.60641107929933,405.04780577504613,137896600
2022-03-08,390.68743896484375,400.974360268534,389.6268294424803,393.85047743128945,164772700
2022-03-09,401.16204833984375,403.1330895948316,396.8539312695745,399.0314631063885,116990800
2022-03-10,399.3505859375,400.2422276939095,394.620092580412,396.57234376713836,93972700
2022-03-11,394.2728576660156,402.43856000737617,393.7660118820792,401.8284832426369,95636300
2022-03-14,391.3913269042969,398.4776572170098,390.2556430646185,395.04244919429476,95729200
2022-03-15,399.9981994628906,400.627037600933,392.7241399369661,393.9912112622118,106219100
2022-03-16,408.8678283691406,408.92414137534934,398.7122961456911,403.48973577211655,144954800
2022-03-17,413.983154296875,413.983154296875,406.58707380377643,406.96250340047624,102676900
2022-03-18,418.5174255371094,418.83753350872564,411.6444565524196,412.3788286596397,106345500
2022-03-21,418.39508056640625,420.34397249520026,414.9020791690174,418.3479881152232,88349800
2022-03-22,423.2908935546875,424.2229735705517,419.77907234818315,419.77907234818315,74650400
2022-03-23,417.8395690917969,422.25522626407883,417.754837158317,420.76766221116077,79426100
2022-03-24,424.1382141113281,424.1476383476217,418.7434134818091,419.8543815321978,64736900
2022-03-25,426.2095642089844,426.48260848847235,422.1987468815837,424.7690638457169,77101300
2022-03-28,429.2411804199219,429.2411804199219,423.73337514000565,425.61638352750333,68529800
2022-03-29,434.5512390136719,435.04083957177517,430.4368703799773,433.11073878007403,86581500
2022-03-30,431.86798095703125,434.221741418466,429.7684162817575,433.41203287887015,79666900
2022-03-31,425.2209777832031,431.9244832020018,424.7690454159792,431.1053791315065,121699900
2022-04-01,426.4261169433594,426.9345085502842,422.86723203273846,426.7932886594718,89048800
2022-04-04,430.0791015625,430.1826819640368,425.80469323655575,426.6237972828837,59601000
2022-04-05,424.64666748046875,431.04888498929796,423.5074553649345,428.59157264929064,74214500
2022-04-06,420.4004211425781,422.6694495834861,417.5288449887846,420.7488018120138,106898000
2022-04-07,422.518798828125,424.32649940320846,417.5853263725242,419.5248225851807,78097200
2022-04-08,421.3890686035156,424.2700693409283,419.8544120623101,421.7656645610829,79272700
2022-04-11,414.1865234375,418.9693519364392,413.68752738112,418.13139944100146,89770500
2022-04-12,412.65191650390625,419.67553034639525,411.1078357022038,417.1617012912827,84363600
2022-04-13,417.37823486328125,418.1314267488248,412.22820561338756,412.4070937143792,74070400
2022-04-14,412.18115234375,418.7151941165963,412.0775719357156,417.6041972684777,97869500
2022-04-18,412.3506164550781,414.02649286644555,410.1286514899628,411.2584680800119,66002500
2022-04-19,419.00701904296875,419.72254266588925,412.0775334906012,412.24699734346973,77821000
2022-04-20,418.6963195800781,421.38903649977607,417.53828781709484,420.77706452379897,65224400
2022-04-21,412.4353332519531,423.68632009037725,411.53149725254485,422.30230774795746,85417300
2022-04-22,401.1185302734375,412.45422221313805,400.5536219043403,411.35267818921,132471800
2022-04-25,403.4439392089844,403.6134030546147,394.33958173639525,398.8870627211197,119647700
2022-04-26,391.7599182128906,401.1184726141431,391.7316742351174,400.92073603730137,103996300
2022-04-27,392.86151123046875,398.18103381354365,390.7337309296715,392.83326724916185,122030000
2022-04-28,402.7849426269531,404.5079115448034,393.1721919995158,397.58784935923745,105449100
2022-04-29,387.8997802734375,400.95844060924014,387.1559838147255,398.81181190653876,145491100
2022-05-02,390.23468017578125,391.5904485536996,381.328029550651,387.96565155346553,158312500
2022-05-03,392.0234680175781,394.42429189547653,389.1801073464656,390.73361204296634,100028200
2022-05-04,403.9617919921875,404.52670026180385,389.5096966956075,392.6825612700032,144247900
2022-05-05,389.6038513183594,400.1392856315828,385.4894825550537,399.7155972479429,172929100
2022-05-06,387.2783203125,390.5359166827726,381.99649573119626,387.0523685069678,151770800
2022-05-09,374.8787841796875,382.6367705084989,373.30645933793636,381.40340215959606,155586100
2022-05-10,375.7449035644531,382.32600865511546,371.72469101869683,380.829020441603,132497200
2022-05-11,369.77581787109375,380.4054095794836,369.03202142087446,374.7846276976837,142361000
2022-05-12,369.3897399902344,372.64733635025226,362.6203227573482,366.59347147586817,125090800
2022-05-13,378.2210998535156,379.59568805484594,372.4684937718504,373.50415422453636,104174400
2022-05-16,376.6863708496094,380.33941134440613,374.3420348416539,376.5828191904679,78622400
2022-05-17,384.43499755859375,384.67037360597254,379.03074397272616,382.74969701428194,83029700
2022-05-18,368.9378662109375,380.1794300040196,367.7044978598018,379.89699020316084,117674500
2022-05-19,366.6781921386719,371.08445332431154,364.4656516763447,365.8873321136663,98510700
2022-05-20,366.8382873535156,373.80541271191623,358.2800175928373,370.2465279725012,131432200
2022-05-23,373.701904296875,374.46452049127714,367.5444580490805,369.85112637485844,76414900
2022-05-24,370.84912109375,372.035396905163,364.32447483504643,369.5969043569321,91448800
2022-05-25,374.12554931640625,376.0838942993882,368.96612427599865,369.3615399815034,91472900
2022-05-26,381.6010437011719,383.22985621992024,375.1423390412836,375.34947110301795,82168300
2022-05-27,390.96905517578125,391.08203108602834,383.85128550592344,384.0489933488559,84768700
2022-05-31,388.77532958984375,392.0988383279228,386.04497310590705,389.35905760743515,95937000
2022-06-01,385.6307373046875,391.8917350641577,383.1263324544133,390.8843473141323,86585800
2022-06-02,392.9744567871094,393.02152050473194,383.22988244769175,385.4706670691487,79609600
2022-06-03,386.5251770019531,389.82044199768814,385.55542873821975,388.2763611795485,71874300
2022-06-06,387.7020263671875,392.2400548190691,386.5345416096812,390.517114758432,57508900
2022-06-07,391.42095947265625,391.8728918468309,383.76652548386954,384.22788209472355,59272400
2022-06-08,387.1653137207031,391.49623828881266,386.37445373160176,389.7167817640161,64350000
2022-06-09,377.9574279785156,387.6549092229484,377.9574279785156,385.3953050112038,86289800
2022-06-10,366.99835205078125,372.6285579152145,366.95128833036904,371.7812098207837,132893900
2022-06-13,353.0641174316406,359.4757595056047,351.4635486063113,357.63041909690946,170004900
2022-06-14,352.0001525878906,355.8320813809722,348.9120201197082,354.80584530354247,104011800
2022-06-15,357.0184020996094,361.4434545749502,350.3525363114145,355.28600909693944,125666800
2022-06-16,345.2025451660156,349.2416066501107,342.7828722240161,348.83676669769454,134473300
2022-06-17,345.9466552734375,349.27508426837926,342.4575241953979,345.61572844834046,111113900
2022-06-21,354.65545654296875,356.0359826472647,351.57288467855716,351.6485465469434,76811900
2022-06-22,354.0124206542969,358.1067313139649,350.0315450667165,350.44759870939254,90059400
2022-06-23,357.4826965332031,358.2107760726569,352.5941088918545,356.1400013974263,79292100
2022-06-24,368.84832763671875,368.85779258093,360.6124122026402,360.6407781787366,98050300
2022-06-27,367.4395446777344,370.05876676666566,366.352143463888,369.76564197484305,66009600
2022-06-28,359.93157958984375,371.76068151503716,359.81811569186686,368.9901655321382,86548900
2022-06-29,359.6385498046875,361.46349531064214,357.8230692449071,360.48012203098745,65676000
2022-06-30,356.7167053222656,359.9411063069827,352.2819744571846,355.76166925616343,112508300
2022-07-01,360.4896240234375,360.9246076353703,353.45457064095484,356.06435688635764,74839700
2022-07-05,361.17047119140625,361.18940108902996,352.6035959677347,355.42140934129657,81438000
2022-07-06,362.39019775390625,364.8675899225477,358.93886830851153,361.31223262960197,70426200
2022-07-07,367.8177490234375,368.61202540572873,362.4090803527021,364.15839292566767,64525900
2022-07-08,367.5151672363281,369.3779436355089,364.6689887193885,366.191344484654,72397800
2022-07-11,363.31683349609375,365.81312646509326,362.62655612996804,364.84865422697527,58366900
2022-07-12,360.1018371582031,365.1417473906216,358.36198975909855,362.7683546438425,62219200
2022-07-13,358.21075439453125,361.1325950360605,354.2677383266244,354.68379199729,84224600
2022-07-14,357.3408508300781,358.4187870987838,350.84478066367626,353.27487695591316,89704800
2022-07-15,364.1678466796875,364.2813106084498,359.82767826526884,361.7282567851243,79060400
2022-07-18,361.1609802246094,367.912344500235,359.94118513181706,367.24099693727663,63203600
2022-07-19,370.9192199707031,371.48656848607965,364.413714078224,365.0661316858812,78506000
2022-07-20,373.28314208984375,374.6920628374867,369.74671494258035,371.10833981504896,71843800
2022-07-21,377.0843811035156,377.1316481251823,370.3140872351293,372.70638143368456,64903900
2022-07-22,373.5857238769531,378.3986778470548,371.37309072029717,377.2072777513435,72197300
2022-07-25,374.03955078125,374.8905589631493,371.8079880763292,374.2097466463221,53631500
2022-07-26,369.6143493652344,372.61179398374196,368.7255101067166,372.4037671603326,52946400
2022-07-27,379.2118225097656,380.9516697814491,372.6022612384435,372.8953859558362,82342100
2022-07-28,383.9681701660156,384.6584187925759,376.4792322767679,380.01568879561586,73966600
2022-07-29,389.56591796875,390.5493202190506,384.63003453579483,385.39594499465454,87003700
2022-08-01,388.4122619628906,390.9085837211499,386.1712628905919,386.8804412732961,69997500
2022-08-02,385.8498229980469,390.5209475361801,384.6773238182315,386.85212626915603,63435400
2022-08-03,391.89208984375,393.05512423189873,387.6842854468894,387.9679453326452,67820600
2022-08-04,391.627197265625,392.49710652258676,389.99134886557505,391.81629417270625,45656600
2022-08-05,390.96533203125,391.6083135328843,387.3059760405287,387.36270800499386,56814900
2022-08-08,390.511474609375,394.8894742630945,389.41460845921597,392.64847494128367,53886100
2022-08-09,388.96075439453125,390.2845484240548,387.89225422395475,389.78339679657284,44931800
2022-08-10,397.1305236816406,397.2723824771048,394.0385155870953,395.9863903656601,68665700
2022-08-11,397.1305236816406,401.8205786097931,396.39297914273305,399.9672378861389,59489700
2022-08-12,403.853515625,403.9575146188211,398.11389080007996,399.05946211792985,61694500
2022-08-15,405.5177001953125,406.03778173235645,401.59358501038247,401.65031698074415,54048300
2022-08-16,406.31201171875,408.23152036285336,403.64549364471077,404.4492350458775,59289000
2022-08-17,403.4278869628906,406.1227702550995,401.4327458775024,402.7281736126087,63563400
2022-08-18,404.6004943847656,405.28127797974213,402.3405652552225,403.62652829890396,49023200
2022-08-19,399.1634521484375,402.1136297635589,398.29351392155985,401.8488709739081,68016900
2022-08-22,390.85186767578125,394.52068860875744,389.9535634784905,394.3504638590042,77695600
2022-08-23,389.9063415527344,392.80925244544267,389.35789402468396,390.42639423875585,49105200
2022-08-24,391.1544494628906,392.51604543751745,388.9985482896292,389.67933184867115,49177800
2022-08-25,396.6766357421875,396.7239027658137,391.55162646435804,392.63902771668177,50942300
2022-08-26,383.2494201660156,397.1020310073054,383.19268820854865,396.5630774113692,103087000
2022-08-29,380.7153625488281,383.7506382256978,379.36320256720757,380.3087738309777,65370800
2022-08-30,376.53594970703125,382.1053786692072,374.4462451560691,381.86898583766924,85652400
2022-08-31,373.67083740234375,379.4009968343616,373.53847243354284,378.16230081283413,76029700
2022-09-01,374.8433837890625,375.1837756026024,368.8106343368199,371.5055182868605,78740100
2022-09-02,370.8908996582031,379.70363162679985,369.08485490441115,378.4933014446806,99632100
2022-09-06,369.4914245605469,372.6685300550319,367.2787913361997,371.7324237676469,76637400
2022-09-07,376.1293029785156,376.8952133261025,368.9618861280906,369.1793490313916,70964200
2022-09-08,378.5877685546875,379.04162422279734,372.66848412640496,373.86937791353984,80821700
2022-09-09,384.46923828125,385.32971149707004,380.5545598393792,380.8193186091283,76706900
2022-09-12,388.6013488769531,389.31999213364895,386.22795622610516,386.5305458980339,69256300
2022-09-13,371.7040710449219,381.1597837204144,370.5883038747845,379.95888974243803,122947100
2022-09-14,373.1224060058594,374.63532571628434,369.8318077999259,372.99947713125925,85023700
2022-09-15,368.8862609863281,374.40839376655435,367.6191989412992,371.57167994308946,87633800
2022-09-16,366.0720520019531,366.72717860017747,362.79641901083147,364.7238414484203,103084800
2022-09-19,368.9109802246094,368.9109802246094,362.8629523864004,362.9389250642447,73278500
2022-09-20,364.6763610839844,366.6037545982577,361.9324497442443,365.5973340819425,77274900
2022-09-21,358.3150939941406,369.63258950562096,358.3055901652857,366.5943197310141,106746600
2022-09-22,355.3052062988281,359.1789716401422,354.5646322346763,357.54590716854085,89472600
2022-09-23,349.35223388671875,351.88726436139535,344.9277668796021,351.8492780206444,122346900
2022-09-26,345.8960876464844,351.4978686011886,344.68078591741266,347.88994974224795,92581200
2022-09-27,345.01318359375,351.6783515332495,342.63004074479505,349.41864254939213,108294100
2022-09-28,351.80169677734375,353.4822223497359,344.2725226538918,345.96255205200066,110802200
2022-09-29,344.45294189453125,348.55456731120603,341.51912810704937,348.2697422736175,112952300
2022-09-30,339.12646484375,347.4152207218765,338.9935561579165,343.51294405259347,153711200
2022-10-03,348.07989501953125,349.9218411560904,341.05392954790506,342.8294068400838,89756500
2022-10-04,358.86572265625,358.8942051643231,348.04193496218414,353.5772481816866,103602800
2022-10-05,358.0301513671875,360.2803561426698,352.2005099841954,354.5171835950493,88065700
2022-10-06,354.3367919921875,359.57777574073987,353.8430566051313,356.6344579970455,82333500
2022-10-07,344.45294189453125,354.42222386124985,342.69644356252195,350.32056946949496,107789500
2022-10-10,341.82293701171875,345.80115762255645,339.5917399082143,345.5637937626023,76042800
2022-10-11,339.6582336425781,344.68086182889056,337.73083995304165,340.13296143778496,92482800
2022-10-12,338.53790283203125,341.6331375101313,338.29103509203446,340.0665414891918,76991800
2022-10-13,347.4721984863281,348.9343679346623,330.5149097513193,331.5593165001294,147254500
2022-10-14,339.55377197265625,351.54539946318886,338.91762404448093,349.9218097110879,123737000
2022-10-17,348.2792663574219,349.38063819195844,339.22145295922246,345.61129877486803,93168200
2022-10-18,352.37139892578125,356.4730533438476,348.94384975105197,356.1692206517508,97162900
2022-10-19,349.8743591308594,353.0550409179747,347.07345375673924,350.33958306364724,79746900
2022-10-20,346.9405212402344,353.83357711460013,346.18093949129155,349.4280898959749,88283100
2022-10-21,355.3717041015625,355.8559066992739,345.1650575657833,346.6651844936338,131038400
2022-10-24,359.72027587890625,360.8501304782044,354.2514017831496,356.8909164412423,85436900
2022-10-25,365.4644470214844,365.77775460734784,359.5303497695806,359.6442798008037,78846300
2022-10-26,362.7109680175781,367.9899381098493,362.07484907907593,362.33119162480466,104087300
2022-10-27,360.7741394042969,365.54039595428065,360.1569701011895,363.70795365066004,81971800
2022-10-28,369.3571472167969,369.8318749398546,360.4892368270884,360.6696356798568,100302000
2022-10-31,366.6891784667969,368.76848820462624,365.78721318114583,366.90756364967945,96631300
2022-11-01,365.0846862792969,370.6580154391592,363.91687434131387,370.42065152004557,85407600
2022-11-02,355.9223937988281,368.98691130694584,355.81796759742275,364.49597616975944,126990400
2022-11-03,352.2574768066406,355.2862420190042,350.1496845424735,352.6942182018951,87100100
2022-11-04,357.3275451660156,359.72016234018145,351.2984975880694,357.9446853802761,103505200
2022-11-07,360.7456359863281,361.3342937720169,356.5490298438672,358.61883592099326,68286900
2022-11-08,362.6919860839844,365.65428248614427,358.62831787010947,361.8469568156974,84641100
2022-11-09,355.21978759765625,361.87547986372505,354.7260521981255,360.7266178571878,78495500
2022-11-10,374.7406005859375,375.07291581213747,366.14803974108565,368.43620204058976,141455800
2022-11-11,378.3675231933594,379.1650623418643,373.7151680311234,375.5951003651524,93839900
2022-11-14,375.14886474609375,379.9531074146063,374.87351452909996,376.61103437675337,71903500
2022-11-15,378.34844970703125,381.97537606504994,374.5506283415861,380.8740043920615,93194500
2022-11-16,375.462158203125,377.6743765872507,374.8355141476234,376.72492116529327,68508500
2022-11-17,374.3133544921875,374.98748880867356,370.420609836842,370.7244135980539,74496300
2022-11-18,376.01287841796875,377.7029081294727,373.1740156097614,377.6364392872866,92922500
2022-11-21,374.64556884765625,375.81340931482094,372.8131270457847,374.6930589983989,51243200
2022-11-22,379.687255859375,379.84867604647417,375.1773421488015,376.58254674649424,60429000
2022-11-23,382.07989501953125,382.56409762142516,379.1270733477937,379.3549333957438,68261600
2022-11-25,381.99444580078125,382.54514625609033,381.2443967643648,381.5197180169349,30545400
2022-11-28,375.89892578125,380.5512518780544,375.13934400569946,378.9181872794732,67881600
2022-11-29,375.2532958984375,377.2186467005862,373.4208248199859,376.0318273628986,52310000
2022-11-30,387.07403564453125,387.07403564453125,373.59178408114326,375.5001700531818,144566700
2022-12-01,386.7891845703125,389.27675333365096,384.29211197998836,388.1089126426204,76398200
2022-12-02,386.3429870605469,387.2449525080735,381.8140942164224,381.91852042583764,85342700
2022-12-05,379.3929138183594,384.4630026318405,378.04470325554814,383.5325548004845,77289800
2022-12-06,373.9240417480469,379.7726910257881,371.8447608883039,379.23152341918535,77972200
2022-12-07,373.28790283203125,375.642562745206,372.1580485447694,373.07902147703123,65927900
2022-12-08,376.2122802734375,377.27566591677703,373.3923959629349,375.1679022862841,60737900
2022-12-09,373.40191650390625,377.5225505438228,373.2784826335144,374.9780163583588,81447700
2022-12-12,378.78533935546875,378.78533935546875,373.52534699424166,374.18994855751856,75405800
2022-12-13,381.6526184082031,389.74196862339903,378.89920332598314,389.48562607620295,123782500
2022-12-14,379.2125244140625,385.00420881267286,376.27871036892407,381.31081297545614,108111300
2022-12-15,369.9363098144531,375.2722444929256,368.28426670085497,374.37025027855924,117705900
2022-12-16,365.56878662109375,368.72591299649264,363.44179709016913,367.39057737229774,119858000
2022-12-19,362.4689636230469,366.09348006584634,360.8093339319744,365.759638812042,79878100
2022-12-20,362.9649353027344,364.5768857232749,360.39916944320595,361.7154394063112,74427200
2022-12-21,368.3921203613281,369.5176155105315,365.0156058055829,365.5497400834467,78167400
2022-12-22,363.1365661621094,368.3730029019242,357.4613534216276,365.3589430278992,100120900
2022-12-23,365.2254333496094,365.36849982820587,360.57080985837734,362.1159860434873,59857300
2022-12-27,363.78515625,365.45433305552007,362.11597944447993,365.11097351314567,51638200
2022-12-28,359.26409912109375,365.6832870108895,359.0351927479394,363.7184005781533,70911500
2022-12-29,365.7309875488281,366.59896307537,361.57233717485457,362.0969531215619,66970900
2022-12-30,364.76763916015625,364.9107056574417,360.952377322475,363.0603304456531,84022200
2023-01-03,363.23199462890625,368.5828851543406,360.38006673429567,366.61802772104494,74850700
2023-01-04,366.0361633300781,368.05824707832414,362.4498085414863,365.48293416385536,85934100
2023-01-05,361.8585205078125,364.2048984321615,361.26715956907026,364.0904452321647,76970500
2023-01-06,370.15667724609375,371.27265410068173,361.8871138136949,364.93930570815047,104189600
2023-01-09,369.94677734375,375.51708414614757,369.7655792215918,372.3408629905399,73978100
2023-01-10,372.54119873046875,372.60797279309605,368.43025676671084,369.3650063190875,65358100
2023-01-11,377.2530822753906,377.3294038131555,373.3043013861297,374.1150503530879,68881100
2023-01-12,378.6265563964844,380.08589280712,374.2962553998828,378.3499708858858,90157700
2023-01-13,380.0954895019531,380.66778464278104,375.1737978638569,375.4408650484913,63903900
2023-01-17,379.3992004394531,381.74560764780887,378.72199954995557,380.0764304370912,62677300
2023-01-18,373.4091796875,381.6406112039505,373.20888660482075,380.5818900873673,99632300
2023-01-19,370.6907958984375,373.0180784744015,369.37452611387545,371.3775149775483,86958900
2023-01-20,377.5964660644531,377.74908002985853,370.44285016934947,372.08341391228544,91806400
2023-01-23,382.1270751953125,384.05377185885095,377.443838004556,378.3976534216192,84178800
2023-01-24,381.7169189453125,382.6230260729778,379.27515395089165,380.45787568340137,59524900
2023-01-25,381.8598937988281,382.19373491654966,375.38348090429054,377.6631130409615,84800300
2023-01-26,386.0567321777344,386.21889358190356,381.5547229198232,384.5115560910505,72287400
2023-01-27,386.94384765625,389.3093204688235,384.80731034691763,385.01715091180836,68346200
2023-01-30,382.0888671875,386.4191967958499,381.79318677341877,384.196790848311,74202000
2023-01-31,387.7069091796875,387.7545883082666,382.260602078399,382.60399077183433,86811800
2023-02-01,391.827392578125,394.56486749175457,383.7676691333913,386.495567469355,101459200
2023-02-02,397.5311584472656,398.9904947612399,393.8112844222463,395.69982017672226,101654500
2023-02-03,393.3057861328125,397.71240862486854,392.1039694138387,392.58087711398565,94736800
2023-02-06,390.90216064453125,392.294752115139,389.2520785976726,390.8640289856019,60295300
2023-02-07,396.0146179199219,397.25456629561944,388.74654923536696,389.98649761106446,90990700
2023-02-08,391.684326171875,395.3851349400619,390.9975778529523,394.0497990721952,76227500
2023-02-09,388.2886962890625,395.42324575045114,387.067813777245,395.2706317979571,78694900
2023-02-10,389.19482421875,389.57634453776467,386.30476486771545,387.1154846300712,70769700
2023-02-13,393.76361083984375,393.89715897184107,389.3856015126722,389.84344339763004,64913500
2023-02-14,393.5823974609375,395.8810669412816,389.6431352333331,392.24703262517374,88389300
2023-02-15,394.8605041503906,394.9367965737248,390.55878744301873,391.3981496403728,61555700
2023-02-16,389.42376708984375,393.8399372390062,389.2902480643342,389.91022227936105,76431500
2023-02-17,388.45086669921875,388.6893205477336,385.3890983264304,387.30627658309317,89257800
2023-02-21,380.65814208984375,385.4939926151098,380.40062243945897,384.4447899703579,82655900
2023-02-22,380.1335754394531,382.60395368803114,378.68375748701857,381.06829584759197,83742300
2023-02-23,382.1556701660156,383.62455398812614,377.94934088551855,383.01409817857655,96242400
2023-02-24,378.0733642578125,378.90317902341906,375.45991929796907,377.1577095966057,108194400
2023-02-27,379.36102294921875,382.7566035647617,378.4262733452024,381.4021728412389,80444700
2023-02-28,377.95892333984375,380.83943554893773,377.85398850305495,378.8841254999914,96438600
2023-03-01,376.50909423828125,378.3690459735666,375.2119192229247,377.1481633851746,99706800
2023-03-02,379.4372863769531,380.2766485518157,374.2103677204858,374.54420891841545,85127800
2023-03-03,385.5226135253906,385.7706148212673,380.6009230194376,381.2495104460485,90120000
2023-03-06,385.78973388671875,388.6321143894144,385.35098693265746,386.3429340367841,72795900
2023-03-07,379.87603759765625,385.9804792628776,379.2656108960152,385.74202541995913,108310600
2023-03-08,380.49603271484375,381.2495258844479,378.2736266459541,379.9905117430244,74746600
2023-03-09,373.4759521484375,382.93781363415775,372.4935234600931,381.2781550603871,111945300
2023-03-10,368.0868835449219,375.00204480111273,366.57032063826443,372.9322526934048,189253000
2023-03-13,367.562255859375,372.3599748381927,363.06979387547824,364.17622313398334,157790000
2023-03-14,373.6381530761719,375.27871688636895,369.17427445242896,372.46494954234544,149752400
2023-03-15,371.30126953125,371.5015626213284,365.98851059869224,368.06785035886526,172996900
2023-03-16,377.8157653808594,378.159154025879,368.44932123547807,368.9548421813165,143254200
2023-03-17,373.3981628417969,377.62054625365727,372.01942420856767,376.4907554684151,140553400
2023-03-20,376.98858642578125,377.4003145707897,373.47474047713115,374.17366441642594,93055800
2023-03-21,381.9386291503906,382.41735696574256,378.75028553737957,380.3396653906553,91524200
2023-03-22,375.42791748046875,385.36631171212144,375.3896402926609,381.7662983699507,111746600
2023-03-23,376.44281005859375,382.3024333278602,373.7427784049594,378.2811083450335,119351300
2023-03-24,378.91302490234375,378.9991923934878,372.8331764605713,375.169370284557,107682400
2023-03-27,379.6215515136719,381.9481907671168,378.73112484169525,381.18220877571866,74010400
2023-03-28,378.7694091796875,379.62152939764496,376.9406656319968,378.9321602551606,62871700
2023-03-29,384.27484130859375,384.5142052275328,381.7184217978642,382.9152413925595,77497900
2023-03-30,386.5248718261719,387.14721217774354,384.6674054592339,386.8982643494234,69840000
2023-03-31,391.9727783203125,392.26958723104974,387.3386673117375,387.4440026260915,112062600
2023-04-03,393.4664001464844,393.86851514556844,391.06317718146,391.4557374933837,67391100
2023-04-04,391.2834167480469,394.3951476376342,389.9142329500153,394.10789340859714,66601500
2023-04-05,390.2589416503906,391.3121487439596,388.612116709327,390.555750574138,65200200
2023-04-06,391.78131103515625,392.05898137720516,388.4206320852357,389.4642553207361,63743300
2023-04-10,392.1834411621094,392.26005398593924,388.6983173778572,389.311073872341,63681000
2023-04-11,392.28875732421875,393.68663448889265,391.52280443872803,392.8057915925013,59297900
2023-04-12,390.6897277832031,394.63446921650785,390.1056939195026,394.3472150182869,86420400
2023-04-13,395.8791809082031,396.2334348165877,390.6323135315357,391.7716880699347,85814800
2023-04-14,394.9121398925781,397.4302528676945,392.6142522306835,395.2472552060106,78161500
2023-04-17,396.3292236328125,396.3483622283168,393.6004689831214,394.82601113767913,66436400
2023-04-18,396.5876770019531,398.0334443121423,395.2185225027445,397.89938650253947,63560000
2023-04-19,396.520751953125,397.4207335073526,394.62497898407065,394.6824239935058,55227300
2023-04-20,394.3568115234375,396.0993877029547,392.81529283564134,393.7153034242172,75840400
2023-04-21,394.6632080078125,395.1227679931791,392.71957431843055,394.6536241017087,73457400
2023-04-24,395.074951171875,395.49623401848584,393.13131726469595,394.4621654970849,64332100
2023-04-25,388.8035888671875,393.667480074213,388.74614386404556,393.11213941820307,97766700
2023-04-26,387.1567687988281,390.48872511908525,386.6014573550663,389.4163794213185,80447000
2023-04-27,394.8642578125,395.1323442051522,389.4354718372607,389.68441963730396,92968400
2023-04-28,398.2345275878906,398.2441114946902,393.9259770969372,393.9834220992783,89433100
2023-05-01,397.8323974609375,399.85261481140054,397.6025882410736,397.7940910544224,62122300
2023-05-02,393.361083984375,397.1717680701673,390.4695783796922,397.12387775512695,103998500
2023-05-03,390.6610107421875,396.2621316646499,390.4216468499389,393.85890883632186,91531800
2023-05-04,387.89398193359375,389.9429216709352,386.56310465857086,389.617390281609,94901900
2023-05-05,395.074951171875,396.1185743812244,391.25471226930256,391.5132147900382,87891800
2023-05-08,395.1802062988281,395.6589340882948,393.78232933496844,395.40043160090397,50046800
2023-05-09,393.4471740722656,394.55782593731584,393.2173941068147,393.6386768562897,49220100
2023-05-10,395.28558349609375,396.9036859335044,391.4748993691881,396.2717616781344,96142900
2023-05-11,394.5962219238281,394.88344694585095,392.5281141075764,394.42388691061444,70157100
2023-05-12,394.0791931152344,396.0419948569671,391.6664152391856,395.83135343149405,70481500
2023-05-15,395.4388122558594,395.84092731174917,392.7770864154088,394.6824140250921,54289400
2023-05-16,392.79620361328125,395.25687179173696,392.7866197060623,394.33769327560117,57705500
2023-05-17,397.56427001953125,398.16744245894745,393.1695526455843,394.8067934195903,87287000
2023-05-18,401.3941955566406,401.8154784356876,397.0281995549095,397.2483956831172,97177200
2023-05-19,400.8100891113281,402.82075186824875,399.5941309256764,402.29416293584904,103793300
2023-05-22,400.9728698730469,402.5048047952054,399.59413136502695,400.8292573658007,60745400
2023-05-23,396.4728698730469,400.9058949150646,396.08030948759307,399.3356533732494,86383500
2023-05-24,393.6004333496094,395.2568421165078,392.44192021304394,394.8738657064858,89213700
2023-05-25,397.00897216796875,398.4547395231807,394.86428090134467,397.09513966858555,90961600
2023-05-26,402.1505432128906,402.8686350068501,397.58348992223114,397.66007352379233,93830000
2023-05-30,402.30364990234375,404.60153728662965,400.92491162792754,404.0749484428724,72216000
2023-05-31,400.0728454589844,401.38455501215435,398.51218808898716,400.4845443720238,110811800
2023-06-01,403.87396240234375,404.9271694953685,399.0579614953215,400.3026421930234,88865000
2023-06-02,409.7144470214844,410.4995384716648,405.9133468070171,406.4399357427851,91426200
2023-06-05,408.9293212890625,411.34209905139056,408.23036813311154,410.0591119636998,65460200
2023-06-06,409.81976318359375,410.3463521322916,407.86654536905576,408.5176374533879,64022200
2023-06-07,408.4027099609375,411.3421059208301,407.9814271228122,410.2123152273252,85373300
2023-06-08,410.8729248046875,411.32293010381545,407.7037491177831,408.46970190729934,61952800
2023-06-09,411.6101989746094,413.6112778783288,410.6240207738437,411.66764397898567,85742800
2023-06-12,415.3442077636719,415.42082057078096,411.8686686457449,412.586760311463,76104300
2023-06-13,418.0826416015625,418.7241206070974,416.13900754994665,416.7996543712614,95899700
2023-06-14,418.5804138183594,420.3804349424088,415.1431518715733,418.41766273627127,100612100
2023-06-15,423.7699279785156,425.0146087869259,417.6709394226892,417.7666616239276,110303100
2023-06-16,422.326416015625,426.31461080665895,421.8555294193706,425.74761712421093,114165800
2023-06-20,420.1353454589844,421.2789524290957,418.0691749032241,420.3948375467811,76160400
2023-06-21,417.98272705078125,419.9527906993676,417.39649424833397,419.15516332790537,76982300
2023-06-22,419.4914245605469,419.59712182011833,416.69487567418776,417.03123579350665,70637200
2023-06-23,416.320068359375,418.09794671553647,415.60892874801584,416.0509861285015,92074500
2023-06-26,414.619140625,417.6655331304873,414.37888755488666,415.75312807727073,72823600
2023-06-27,419.1646728515625,419.77970536315974,415.04192260990584,415.49359948325997,72813700
2023-06-28,419.3761291503906,420.3851802319676,417.47331443133595,418.0883469905335,75636000
2023-06-29,421.0290832519531,421.19246824661855,418.5593039384084,418.9629126794935,67882300
2023-06-30,425.9974365234375,426.9776582936569,423.9120273915526,424.22917780363866,104964000
2023-07-03,426.4876403808594,426.7663128211192,425.3728626365197,425.6515644045463,32793400
2023-07-05,425.8534240722656,426.58380287183564,424.67136827734635,424.68098778611034,58418400
2023-07-06,422.5186767578125,422.94152452145863,420.02003888020397,422.28804318773945,80658300
2023-07-07,421.45184326171875,425.38240854551253,421.2115902375523,421.5287406529986,86134200
2023-07-10,422.5186767578125,422.6916519353673,420.5293742326275,421.0963679775693,62443500
2023-07-11,425.20941162109375,425.6995371839706,422.30716559567895,423.2777972154116,64463800
2023-07-12,428.630615234375,430.03371404566207,427.5639058584264,428.9862143541203,91924500
2023-07-13,432.03271484375,432.8207520187609,430.0049928385303,430.4374308044974,72425200
2023-07-14,431.7635803222656,433.76247288793445,431.00437243683245,432.9168067475371,69815800
2023-07-17,433.2627868652344,434.3102867651178,431.5713958126242,431.6194640248455,52680200
2023-07-18,436.4821472167969,437.12600898753516,432.5035425061128,432.93600974084484,80668200
2023-07-19,437.4527282714844,438.6347544080096,436.40519925341147,437.27013362266524,65891700
2023-07-20,434.55047607421875,437.35664451536627,433.8393364531686,436.4629102357604,70591600
2023-07-21,434.55047607421875,436.4629102357604,434.54088589539646,436.2610765640321,71275600
2023-07-24,436.49176025390625,437.29900699604326,434.6658135812287,435.6941036910491,54023400
2023-07-25,437.68341064453125,438.93271480747865,436.1746144107411,436.2226826187103,55191200
2023-07-26,437.75067138671875,439.17295065598853,435.7037107326863,436.7512104988631,71052900
2023-07-27,434.8483581542969,441.52740401742074,433.945004429069,441.12376602896836,92194400
2023-07-28,439.1056823730469,439.93213874075076,434.84837627989594,438.10622153007387,80011800
2023-07-31,439.9418029785156,440.2973728160184,438.26962173264826,439.5766136336967,62040400
2023-08-01,438.682861328125,439.42283016702106,437.7314393035273,438.48102764934566,55291500
2023-08-02,432.5804138183594,435.8382298320832,431.83082549706114,435.57876710355214,93933400
2023-08-03,431.3406982421875,433.2146837020939,429.92800918121173,430.5719002384005,64276100
2023-08-04,429.38983154296875,435.24239195100046,428.87087677605945,433.14739252633814,100128900
2023-08-07,433.1377868652344,433.29155233174345,430.5238325901082,431.21576252551705,58357500
2023-08-08,431.2542419433594,433.1282275391779,427.90990879603123,430.610350839472,71361300
2023-08-09,428.3711853027344,431.6866891018031,427.61197745800644,431.5233041246725,78789600
2023-08-10,428.52496337890625,434.08923235537964,427.3621468022029,430.71607007168745,93005500
2023-08-11,428.2751159667969,429.284196455691,426.0647994577727,426.660622377887,68690900
2023-08-14,430.63922119140625,430.63922119140625,427.05466396967535,427.3621949539916,47867400
2023-08-15,425.62274169921875,429.2265377401817,425.0557186470054,428.87093856214887,75707500
2023-08-16,422.49945068359375,426.8624252963623,422.39372408289853,425.2094830101528,80107200
2023-08-17,419.2799987792969,424.2195859756661,418.7610440069637,423.9601232533812,95711300
2023-08-18,419.4818420410156,420.510132174717,416.1279187140494,416.4738690425287,98852000
2023-08-21,422.2110900878906,422.9510589127824,418.3478316599045,420.4908700639508,68719000
2023-08-22,421.06744384765625,423.9793093243941,420.5100697363889,423.9793093243941,64994200
2023-08-23,425.7572326660156,426.37229454971487,421.98046176867535,422.12460773274086,68441000
2023-08-24,419.8565979003906,427.86181593129874,419.8277393822269,427.3524806823666,88517300
2023-08-25,422.8164978027344,424.0946310005655,418.0402664588185,421.57678397318654,102325100
2023-08-28,425.4977722167969,426.1128047760357,422.8165399597136,424.99802710166506,61595400
2023-08-29,431.6482849121094,431.9269866887697,425.20949081985793,425.3920855016939,83081900
2023-08-30,433.4261474609375,434.0604190699575,431.2830795696017,431.9846290752829,69053900
2023-08-31,432.7918701171875,435.17516171345255,432.6092754445361,434.04117430376084,66084600
2023-09-01,433.59918212890625,435.98250341156745,432.14804403666386,435.5019972170788,58944100
2023-09-05,431.7251281738281,433.474177484678,431.65787960630774,433.15705635053166,55166200
2023-09-06,428.8228454589844,431.0235715081806,426.50680264350075,430.91784492057485,70758500
2023-09-07,427.50628662109375,428.17897757007677,425.4881551186145,425.83410543618885,70355400
2023-09-08,428.150146484375,429.67815236910445,427.19875378748577,427.5543236104539,61659700
2023-09-11,430.9659423828125,431.27344400453364,429.06312762659996,430.76410870034374,60180100
2023-09-12,428.6017761230469,431.04275506328975,428.0251923265627,429.5243688529451,67565400
2023-09-13,429.1015625,430.25475953176647,427.72729277869223,428.8228607530232,60199300
2023-09-14,432.80145263671875,433.4933826135289,430.2643956069254,431.56176797941515,83430800
2023-09-15,427.5869445800781,431.5506524245771,427.15298130374185,431.22275924982887,111848900
2023-09-18,427.8376770019531,429.12997218957395,426.80575976702727,427.2783073434339,55752200
2023-09-19,426.9504089355469,427.5097785871883,424.27902594225344,426.92147805226983,66514600
2023-09-20,423.0252990722656,428.61881878957314,422.8227534657827,428.20413300123477,82562600
2023-09-21,416.03338623046875,420.45033436985153,415.87907838119946,420.18995642926694,104095800
2023-09-22,415.09796142578125,418.64695406116914,414.68324615845955,417.055696495469,100829700
2023-09-25,416.843505859375,416.8820607506406,413.458445268684,413.8924379607471,70874500
2023-09-26,410.71954345703125,414.5192898301892,409.8901424025337,413.8152657492611,96168400
2023-09-27,410.8835144042969,412.4458705721393,407.2573824202832,411.88650085704063,104705800
2023-09-28,413.26556396484375,414.93399013925836,409.745502299644,410.333802865898,92258300
2023-09-29,412.2626037597656,416.47703605865223,410.74848546003295,416.3034507511099,115111300
2023-10-02,412.0986022949219,413.34268907348576,409.350050801858,411.4331625829839,83798600
2023-10-03,406.5822448730469,412.15648738227026,405.2224344904491,409.92872106622235,103760600
2023-10-04,409.5429992675781,410.28557828924926,405.58894477181923,407.0452013606301,87453000
2023-10-05,409.388671875,410.22769695288724,406.17722598529116,409.25364146047264,70142700
2023-10-06,414.2492370605469,415.78263268562836,405.627480956343,406.9487069673823,113273300
2023-10-09,416.9013977050781,417.47039142005065,411.8093557252524,412.3590425619845,80374400
2023-10-10,419.0712585449219,421.6558488736504,417.1328010827686,417.5282094394434,78607300
2023-10-11,420.7879333496094,421.0386578835823,417.7596966141307,420.13214698196236,62451700
2023-10-12,418.22259521484375,421.7715876841516,415.8791053042313,421.39548619007036,81154200
2023-10-13,416.1394958496094,420.9132978989336,414.5771691952751,419.7174193113071,95143100
2023-10-16,420.517822265625,421.57867026595625,418.13574834128576,418.3768488217606,75433200
2023-10-17,420.49853515625,422.54309204899533,417.0556425009614,417.4028130821822,75324700
2023-10-18,414.8953857421875,419.68846496991176,413.8152601862858,418.733716385894,93559800
2023-10-19,411.24993896484375,417.41248188933355,410.57487522165394,415.60905485320427,121323000
2023-10-20,406.1964416503906,411.35599774018226,406.0903421363685,410.815935026644,123919900
2023-10-23,405.4924621582031,409.3404462034215,402.9271492717955,404.6727145608842,92035100
2023-10-24,408.5496520996094,409.69729291312706,405.7625160007192,407.60452747929617,78564200
2023-10-25,402.68603515625,406.9004965329498,402.1749032838704,406.8715656507854,94223200
2023-10-26,397.8640441894531,402.4738846980561,396.9478799231693,401.6252356371067,115156800
2023-10-27,396.0605773925781,399.84104590641886,394.64290537878924,399.4456375835296,107367700
2023-10-30,400.79583740234375,401.84703208667196,397.5458072598068,398.8381024524088,86562700
2023-10-31,403.31292724609375,403.6311669556289,399.4649432617073,401.3648163745919,79665200
2023-11-01,407.6141662597656,408.4242604346672,403.746904694568,404.27734347074426,98068100
2023-11-02,415.4258728027344,415.58018067597357,411.375372066054,411.3946495135024,94938900
2023-11-03,419.2159118652344,420.75896096668146,417.59572355276106,417.72110052299064,100167800
2023-11-06,420.18035888671875,420.6239756178728,418.2419012219719,419.96818924465083,67831700
2023-11-07,421.37615966796875,422.0126685210308,419.04232330462156,420.18031060348386,64256100
2023-11-08,421.6847839355469,422.4948781019278,419.38950241519393,421.97409276953505,61746000
2023-11-09,418.3962097167969,422.86139621479384,417.9718704320272,422.8228118894829,83174400
2023-11-10,424.9251708984375,425.23378661631307,418.38652621092507,420.4600141525394,89462200
2023-11-13,424.5201416015625,425.6195446365516,422.8131605648516,423.5943238724324,52236100
2023-11-14,432.75616455078125,434.03880639292726,430.21012888201807,430.43195196006246,97176900
2023-11-15,433.67230224609375,435.3117974864374,432.82362374197305,434.08698805976627,77327600
2023-11-16,434.20269775390625,434.52093744562825,432.1677943482507,433.2286423726769,66665800
2023-11-17,434.7427978515625,435.3503758373704,433.29619481153003,434.2123590781554,83133200
2023-11-20,438.0892639160156,438.92828895080976,434.482380406505,434.4920338445369,69936200
2023-11-21,437.1344909667969,437.9638920043512,435.87112668099957,437.0476983171483,49244600
2023-11-22,438.82220458984375,440.1338066653199,437.73245500948576,438.783649698811,59394900
2023-11-24,439.09222412109375,439.2851162959046,438.54253734218906,438.87043049439643,29737400
2023-11-27,438.30145263671875,439.2754786903425,437.9156682731926,438.4653845031241,50506000
2023-11-28,438.7353820800781,440.02767719087626,437.3562943235412,437.91563451759527,62115000
2023-11-29,438.4267883300781,442.0047410159344,438.0314094012158,440.8763777024274,63146000
2023-11-30,440.1530456542969,440.500245661758,437.201978031331,439.26581233862987,79752700
2023-12-01,442.7569885253906,443.28739788218263,438.95724208115644,439.5455132066452,89183400
2023-12-04,440.43280029296875,442.77629034785133,438.16644945685704,439.38160552881834,72430900
2023-12-05,440.3459167480469,441.3006652182618,438.6774908532252,439.0536217240435,69793500
2023-12-06,438.5715026855469,442.5062502524176,438.1375099737289,442.4773193670441,69124700
2023-12-07,441.91796875,442.5641016519375,440.0470263897846,440.6449509609681,66995400
2023-12-08,443.8177795410156,444.3481888295322,440.93419775980436,441.1752982420776,83194400
2023-12-11,445.54412841796875,445.7177431682356,443.11384565762216,443.32601530242187,65002200
2023-12-12,447.5789489746094,447.6753950554409,444.20354216398823,445.19687499100826,68327600
2023-12-13,453.7511291503906,454.00188308183056,447.5982398420778,447.9550638637653,93278000
2023-12-14,455.2073974609375,456.86617007826965,452.545638522815,455.6799450229731,119026000
2023-12-15,454.45794677734375,455.784559299069,452.61815952788186,454.6128802736885,141553700
2023-12-18,457.0142822265625,457.9922869448393,455.00020597615196,456.0556626634462,70375300
2023-12-19,459.7933044433594,459.87078595804843,457.47905393883144,457.5565059029809,55761800
2023-12-20,453.4218444824219,460.8197337409229,452.9957847839671,458.9412058569742,102921000
2023-12-21,457.72113037109375,457.99225657048584,453.98343038961036,456.39451800386655,86667500
2023-12-22,458.6410217285156,460.3162123050925,456.7528308577729,458.84435899601766,67160400
2023-12-26,460.57763671875,461.4781598644946,458.97023511368405,459.0477166286851,55387000
2023-12-27,461.410400390625,461.5556412930502,459.8417395433534,460.3742993690924,68000300
2023-12-28,461.5846862792969,462.4174204811319,461.16831917837936,461.76866793794215,77158100
2023-12-29,460.2484436035156,461.91394167612276,458.3021267345069,461.39104484329897,122283100
2024-01-02,457.6726989746094,458.66039620914324,455.5811413344983,457.1982355112993,123623700
2024-01-03,453.9350280761719,456.25897115713644,453.3346793148978,455.5230445204575,103585900
2024-01-04,452.47283935546875,456.0362204956158,452.25011695275793,453.4605069773082,84232200
2024-01-05,453.0926513671875,455.53278743928377,451.6498461147491,452.6762546685268,86118900
2024-01-08,459.5609436035156,459.7061845131588,453.4605594436324,453.58644474883687,74879100
2024-01-09,458.8637390136719,459.88045489034096,456.4139106022468,456.91742225203353,65931400
2024-01-10,461.4587707519531,462.320582628156,458.8540090718071,459.13482782984977,67310600
2024-01-11,461.2554931640625,462.96939501130794,457.29510006298005,462.45619075983615,77940700
2024-01-12,461.5749816894531,463.4341538308624,460.1709469448806,462.6982272154343,58026400
2024-01-16,459.8804626464844,461.507219896807,458.0697237314841,460.2000221906259,85014900
2024-01-17,457.3241882324219,457.8083443440887,454.980859649715,456.8690803054333,68843900
2024-01-18,461.3909912109375,461.94293616195193,457.4499836944988,458.9895962811143,91856200
2024-01-19,467.142822265625,467.42364106257526,461.4394790826515,462.514291382207,110834500
2024-01-22,468.1305236816406,469.8444255597238,467.4817415348223,468.6727761250073,75844900
2024-01-23,469.49578857421875,469.737866598163,467.5882421140563,468.67274693324026,49945300
2024-01-24,470.009033203125,473.2819033399484,469.51518456670595,472.3523319806955,81765000
2024-01-25,472.5653381347656,472.8364643322263,470.0090096373567,472.12958588323926,72525000
2024-01-26,471.96502685546875,473.6208323517754,471.12260001612924,472.1393159497028,76641600
2024-01-29,475.70269775390625,475.8479682163698,471.7326415921786,472.27489403038163,61322800
2024-01-30,475.334716796875,476.04156568160744,474.5794050287412,475.0151572718124,58618400
2024-01-31,467.5785827636719,473.5821004537836,467.5591976080332,473.1366851322255,126011100
2024-02-01,473.6983642578125,473.7274124432746,468.46945447027326,469.2731701856331,91891600
2024-02-02,478.68511962890625,480.33123256171854,473.7951255169084,474.1340406811921,99228200
2024-02-05,476.9421081542969,478.7141358274664,474.69564656369516,478.0556906983339,75757100
2024-02-06,478.32684326171875,478.6560658444282,476.45797836644056,477.88139839933996,55918600
2024-02-07,482.3162841796875,482.73265130891053,479.66308881437243,480.5636415654776,70556500
2024-02-08,482.529296875,482.9069232309363,481.5028884042988,482.3162670291635,52343600
2024-02-09,485.3179931640625,485.75371583997446,482.69384633012993,483.0327614450865,63979400
2024-02-12,485.10498046875,487.5451161916344,484.3884094588291,485.28896212192205,56502300
2024-02-13,478.4236755371094,481.338304695565,475.17016075138093,478.8594278443787,113099200
2024-02-14,482.7713928222656,483.25554889436194,478.73351817874396,481.0477983876243,68387800
2024-02-15,486.1024169921875,486.28639867423624,482.99411355370677,483.4686066260898,61683000
2024-02-16,483.681640625,486.9351554606331,482.9457138905167,485.8022467252244,75532900
2024-02-20,481.01873779296875,482.6164468795506,478.78193916164605,481.9483091532552,71736700
2024-02-21,481.45440673828125,481.6093402061132,477.92007380806905,479.721149514895,59293400
2024-02-22,491.41839599609375,492.3770155291545,487.0803471035888,488.0389961871901,76402500
2024-02-23,491.7572937011719,493.9650440524054,491.03105964418,493.1322803007743,61321800
2024-02-26,489.95623779296875,492.62878868752523,489.83035248988597,492.19303641539864,50386700
2024-02-27,490.866455078125,491.089177503547,488.75554175218684,490.6437622032437,48854500
2024-02-28,490.2176818847656,490.79864549092105,488.9588584535033,489.3171291941457,56506600
2024-02-29,491.9800109863281,493.5874126583201,489.3365378000111,491.9703479594554,83924800
2024-03-01,496.5989074707031,497.0249672193404,492.44486924730603,492.85157338938507,76844800
2024-03-04,496.0662841796875,497.90610083671146,495.7758023657051,495.80488009764395,49799300
2024-03-05,491.1084899902344,494.5169672600257,488.9104323126882,494.07152244829007,72855600
2024-03-06,493.5970458984375,495.8435368483092,492.3092039305024,494.3716836843407,68382400
2024-03-07,498.49676513671875,499.54255878511856,493.65520448812254,496.8797004283906,58652100
2024-03-08,495.5046691894531,501.7986682913954,494.9333685962926,499.12617653924883,86532500
2024-03-11,495.0785827636719,495.6595759026315,492.38667645201275,494.30394494541804,62557200
2024-03-12,500.40435791015625,500.98532153263085,494.6719076966977,497.17986205272086,73114400
2024-03-13,499.6199645996094,500.89814366049285,498.18688160759467,500.72385457506516,55104100
2024-03-14,498.63232421875,500.7432374898184,495.60150263891603,500.5882744583001,110171800
2024-03-15,495.2083740234375,497.02476846543675,493.54742407862057,495.57748059836405,107646300
2024-03-18,498.15155029296875,500.696405939081,497.74361217385916,499.25887018669476,88893300
2024-03-19,500.9197998046875,501.201461454095,496.4614118820625,497.4619006203073,60755300
2024-03-20,505.5530090332031,505.68900816762243,500.30791251207177,500.9781262063219,69594600
2024-03-21,507.2236328125,509.0788290865272,506.9419118942698,508.37950670617295,60256100
2024-03-22,506.2621765136719,507.6219901729758,506.02900970362515,507.1363297336412,79070800
2024-03-25,504.8633728027344,506.00952410002293,504.70792829326916,504.8924815953154,48512100
2024-03-26,503.9307861328125,506.62136288837786,503.5325708131595,506.2813651426268,65463700
2024-03-27,508.1658630371094,508.20475380954497,504.5914097711624,506.74777267634687,82999800
2024-03-28,508.0687255859375,509.5645381212143,507.78706392547616,508.2047247122474,96294900
2024-04-01,507.1847839355469,509.341146689148,506.0289099464076,508.8069321681379,62477500
2024-04-02,503.9600830078125,504.0960228561583,501.6677209860127,503.3772549881494,74230300
2024-04-03,504.5137023925781,506.0095743423354,502.82361371377027,502.8721678960329,59155800
2024-04-04,498.35552978515625,508.8457817223291,498.0544227328248,508.50584318362684,96858100
2024-04-05,503.5617370605469,505.5141009734885,499.2685165612303,499.7056226929599,74546500
2024-04-08,503.8434753417969,505.2616249915614,503.0373217973172,504.26119543845846,48401800
2024-04-09,504.42626953125,505.81525100842816,499.5987748577626,505.57242083511636,68049200
2024-04-10,499.37530517578125,501.3567777106599,497.4035553317358,498.7536458094545,82652800
2024-04-11,503.1441345214844,504.5816702204379,497.3939324409582,500.8906633299254,70099000
2024-04-12,496.1991882324219,501.0266533234711,494.47993161292834,499.61822644383983,92561100
2024-04-15,489.9827880859375,500.52159502342283,489.13771409265206,500.35648708759203,92101400
2024-04-16,489.0891418457031,491.97396569301293,487.80699132637494,490.4587076764823,73484000
2024-04-17,486.1945495605469,491.7019508026377,484.805568116472,491.53681324608516,75910300
2024-04-18,485.19415283203125,489.671957110868,484.26169316872057,487.5836233301547,74548100
2024-04-19,480.9591369628906,486.1071245547147,479.6964023315547,485.1163881622374,102212600
2024-04-22,485.38836669921875,487.9720832401042,481.22139272247443,483.5525564034497,67961000
2024-04-23,491.1483154296875,491.5756989172583,485.2038373746558,487.3893089914972,64633600
2024-04-24,490.91522216796875,492.81900253172324,488.7006120510912,492.03223509825074,55928100
2024-04-25,489.0502624511719,489.8078914311426,483.222338099903,484.8638724968989,69122400
2024-04-26,493.6834411621094,495.25697586630093,491.19686267902955,491.8282151706386,64306100
2024-04-29,495.43182373046875,496.1020373711397,492.70241499072074,495.4609621651781,46415400
2024-04-30,487.58355712890625,494.94615471248864,487.58355712890625,493.9748340493992,77483600
2024-05-01,486.0002746582031,493.6154247072787,485.5340300927016,487.0007337039303,80242800
2024-05-02,490.54608154296875,491.3814327412964,485.22323354848663,489.69131460230034,62550200
2024-05-03,496.6265563964844,497.8504002906167,493.97484028154764,496.5002799659129,72756700
2024-05-06,501.755126953125,501.7939584375333,498.57888938265427,499.0159955422608,47264700
2024-05-07,502.30877685546875,503.69775827546636,501.6385632333307,502.71671493011996,52561300
2024-05-08,502.3573303222656,502.89154482386346,500.36613484283316,500.4826885782833,42047200
2024-05-09,505.2518615722656,505.290752341684,501.89112996130467,502.5418982172586,43643700
2024-05-10,505.90264892578125,507.6510141541504,504.68849817209366,506.84480145398453,52233200
2024-05-13,505.9706115722656,507.6801453946088,504.8341830162767,507.57331435188917,36716400
2024-05-14,508.2921142578125,508.80694268932734,505.6307050054446,506.16491953750125,57535900
2024-05-15,514.5863647460938,514.8777491307729,510.11825347038337,510.7496357077859,59504900
2024-05-16,513.5275268554688,516.2763809484062,513.381805041238,514.6834008229457,50244800
2024-05-17,514.2656860351562,514.3336855890079,512.1967684847502,513.6440266439718,59187600
2024-05-20,514.8582153320312,516.3151962899514,513.9937257353356,514.3822777046638,37764200
2024-05-21,516.12109375,516.2765383038518,513.8967900825829,514.100788827741,33437000
2024-05-22,514.6348266601562,516.1403617816678,512.4687413388463,515.4313166919542,48390000
2024-05-23,510.8758850097656,517.7819613409337,509.67139747589715,517.6751302863473,57211200
2024-05-24,514.256103515625,515.0623164056714,511.7695245578183,512.7116773079188,41291100
2024-05-28,514.6154174804688,515.2953538271266,511.992839734623,515.0622463447778,36269600
2024-05-29,511.01177978515625,512.1870991360792,510.3027346685339,510.6038417042634,45190300
2024-05-30,507.6219787597656,510.13772586423306,506.3787188910773,509.4772347957549,46377600
2024-05-31,512.2453002929688,512.3715767039372,503.49369288115616,508.57373953818643,90785800
2024-06-03,512.6630859375,514.1297897725609,507.61220612199116,513.848128094292,46835700
2024-06-04,513.236083984375,513.9742970941719,509.90446158385646,511.3614424211813,34632700
2024-06-05,519.3360595703125,519.355504956824,513.5664118243003,515.5479441376007,47610400
2024-06-06,519.326171875,520.0643849113122,517.4029763322784,519.6370015368523,30808500
2024-06-07,518.6949462890625,521.4923544849469,517.2670741151577,518.3549484930342,43224500
2024-06-10,520.2976684570312,520.6182209175571,517.2963204143864,517.8888118681492,35686100
2024-06-11,521.5506591796875,521.608936050015,516.791164059003,518.7532508345464,36383400
2024-06-12,525.834228515625,528.5150834828803,524.8046308107085,526.0965041099447,63251300
2024-06-13,526.8929443359375,527.7477113251548,524.1149812633378,527.5728807070939,44760900
2024-06-14,527.2134399414062,527.2425487322553,524.3674183253244,525.367907030757,40089900
2024-06-17,531.4095458984375,532.7985867082562,526.0770045940598,526.533556163689,55839500
2024-06-18,532.7596435546875,532.8859199795279,531.0501097581155,531.4677705153928,41376400
2024-06-20,531.3124389648438,534.3429548976981,529.5446281232266,533.6824639158926,70328200
2024-06-21,530.60009765625,531.7109897848462,529.148170327666,530.4929219620788,64338600
2024-06-24,528.875244140625,532.9777175877437,528.75831439887,530.4246524328222,45528700
2024-06-25,530.9119873046875,531.272530660959,528.5830271026286,530.0934194702492,37936200
2024-06-26,531.5745849609375,532.2859175813455,529.1579572826417,529.8010709636176,38550600
2024-06-27,532.4126586914062,532.9876129707899,530.6976093896263,531.4382042677565,35041500
2024-06-28,530.3175048828125,536.2227551968151,529.0799883321372,533.1824029810238,76144500
2024-07-01,531.408935546875,531.9351194589271,528.6609672764391,531.6915058832783,40297800
2024-07-02,534.9851684570312,534.9851684570312,529.7621076471618,529.8108184673043,40434800
2024-07-03,537.3726806640625,537.7332240580232,534.6344659965342,534.6734227637801,32789900
2024-07-05,540.4713134765625,540.8708135451888,537.0412155224441,537.6746345682784,41488400
2024-07-08,541.0950927734375,542.0402850366268,540.0329112589461,541.2509793152082,36110500
2024-07-09,541.6212768554688,542.9465206266746,541.3289524171115,542.0500391903859,27289700
2024-07-10,546.980712890625,547.3217481165079,542.5469575742852,542.8392819787523,38701200
2024-07-11,542.2642822265625,547.9648752769439,541.6309226493873,547.0975967198616,53054200
2024-07-12,545.6846923828125,549.2706773223186,542.9172752823991,543.3849943470381,53084400
2024-07-15,547.185302734375,550.4107438001307,545.3338159394242,547.6725298408394,40584300
2024-07-16,550.4302368164062,550.722561208659,547.7407334557406,548.4910822924977,36475300
2024-07-17,542.7125854492188,546.1913944708481,542.3909988738491,544.5250561904461,57119000
2024-07-18,538.5418701171875,545.2266716040288,536.3688561297039,544.2424632762184,56270400
2024-07-19,534.9656982421875,539.9256971843263,533.9132708630742,538.3080696139889,65509100
2024-07-22,540.4810791015625,541.0852359846874,536.9438053796708,538.8732057821688,43346700
2024-07-23,539.63330078125,542.5176472841652,539.1460736583557,540.3738360482369,34439600
2024-07-24,527.4039306640625,535.1411009025868,526.4879411580819,534.8390224206132,74515300
2024-07-25,524.6558837890625,533.4747422855404,523.7204457786454,527.520781647899,61158300
2024-07-26,530.5317993164062,533.2115481254169,527.6571477897303,528.4270046031144,53763800
2024-07-29,530.8436889648438,533.0751677112492,528.8557642968128,532.0715107948711,39515800
2024-07-30,528.1541137695312,533.3577247498921,524.7630325879668,532.3052976854228,46853600
2024-07-31,536.7392578125,539.3605426844409,533.5917889444148,534.9559895004857,65663400
2024-08-01,529.1384887695312,540.6955035812163,525.6499253938641,538.4542703754322,76428700
2024-08-02,519.28662109375,523.2721051131105,515.0964208231638,522.0637915280138,82789100
2024-08-05,504.16314697265625,510.20477524600585,497.234761759116,498.56978906774395,146267400
2024-08-06,508.8114013671875,516.2172312004363,504.6407078832997,505.9561975655288,84826300
2024-08-07,505.41046142578125,518.0102083711349,504.8160585530724,514.9698561147811,70698300
2024-08-08,517.0941772460938,517.7177827712244,508.5092375881122,510.52630556896884,63276600
2024-08-09,519.3743896484375,520.8555792219031,515.05756422153,516.2756321007693,45619600
2024-08-12,519.6473388671875,522.0444587278029,517.3865974265898,520.5633284209126,42542100
2024-08-13,528.193115234375,528.4270341942479,522.5803091926349,522.8239227343687,52333100
2024-08-14,529.8595581054688,531.0386692920978,526.3222840215557,528.9825253913183,42446900
2024-08-15,538.9414672851562,539.2240376315274,534.8585012342127,535.4626581650564,60846800
2024-08-16,540.1498413085938,540.8417253762545,537.1777671450008,537.3336536868505,44430700
2024-08-19,545.3143310546875,545.3143310546875,539.7112190916396,540.5589895349276,39121800
2024-08-20,544.4275512695312,546.5128974468605,543.0925538279611,544.8660675368706,33732300
2024-08-21,546.298583984375,547.7505114259203,540.55903368272,545.4703215908407,41514600
2024-08-22,542.010986328125,548.7932102196837,540.8026724138992,548.1890532625708,56121500
2024-08-23,547.7699584960938,548.7054559638492,543.053573875613,545.2364013003757,50639400
2024-08-26,546.4642333984375,549.5045262116546,544.7686923459864,548.7931935686311,35788600
2024-08-27,547.2145385742188,547.7017657101911,544.057316249273,545.197411094177,32693900
2024-08-28,544.037841796875,547.3022994954773,540.8611111576025,546.8735372102509,41066000
2024-08-29,544.0864868164062,549.2803444323956,542.9463920388357,545.9964384879656,38715200
2024-08-30,549.2803955078125,549.7871307787254,542.9074857644326,546.4447596496766,62700100
2024-09-03,537.9767456054688,546.4837125964749,535.4723909219692,546.1523719656589,60600100
2024-09-04,536.8756103515625,540.2666922950722,535.4236829556569,536.1447696240151,47224900
2024-09-05,535.56982421875,539.6527901961324,533.1239343608661,536.817154296066,44264300
2024-09-06,526.55615234375,537.5090100138885,525.6596709710985,535.8914419191495,68493800
2024-09-09,532.4515380859375,533.718376233379,528.8168426461983,530.7365485093424,40445800
2024-09-10,534.770751953125,535.1216007015946,529.4989803786028,534.3517437427556,36394600
2024-09-11,540.2569580078125,541.1729474655668,526.1663863296421,534.683107736862,75248600
2024-09-12,544.8076782226562,545.1097566752126,538.619857760852,540.831888043875,51819600
2024-09-13,547.653076171875,548.6470386001909,545.1584755178029,545.4118431545087,39310500
2024-09-16,548.4618530273438,548.7249152296453,545.5969551700833,547.389917673041,36656100
2024-09-17,548.68603515625,552.1063795479049,546.4642506202782,550.6641466211254,49321000
2024-09-18,547.0587768554688,554.1625287071083,546.5033306566354,549.338967065435,59044900
2024-09-19,556.3939819335938,558.245469176007,553.5680997187276,556.4232441155169,75315500
2024-09-20,555.4320678710938,556.46815521981,552.4215262762143,555.0313424308147,77503100
2024-09-23,556.820068359375,557.4652143001452,555.2854753286341,556.4975550473902,44116900
2024-09-24,558.4132690429688,558.471913246618,554.7967173955426,557.6117584874984,46805700
2024-09-25,557.1817016601562,558.9900073797687,556.0771860686909,558.2569249779147,38428600
2024-09-26,559.3908081054688,561.7464799490699,557.044979898959,561.4239069445024,48336000
2024-09-27,558.5794067382812,561.2673753932927,557.5531033653197,560.4561405350975,42100900
2024-09-30,560.8177490234375,561.423758958094,555.2658795088603,557.5530628987858,63557400
2024-10-01,555.7938232421875,561.1111173600859,553.2329264823798,560.4660310099997,72668800
2024-10-02,556.0283203125,557.0448994143397,552.519332659213,554.9042964358707,38097800
2024-10-03,555.01171875,556.9470368946191,552.7342597435006,554.5620734708386,40846500
2024-10-04,560.055419921875,560.4268531332793,555.2854920412735,559.4396258955153,42939100
2024-10-07,554.9921875,559.0583842578297,553.8485957624074,558.4132383947003,49964700
2024-10-08,560.2410888671875,560.8373745453375,556.683241044493,557.553120131347,37398700
2024-10-09,564.1215209960938,564.6786707180951,559.6350309496581,560.2312569183572,37912200
2024-10-10,563.1343383789062,564.5516429072721,561.5313172618801,562.7824731556751,44138100
2024-10-11,566.5065307617188,567.2396131412746,562.9192713637127,563.0561277259117,42268000
2024-10-14,571.1395263671875,572.0681091902395,567.6304795911454,568.1094171371436,36217200
2024-10-15,566.7020263671875,571.7065305951428,565.4899467305453,571.4035256005812,54203600
2024-10-16,569.165283203125,569.6833568441793,565.9006556368219,566.7021663884991,30725400
2024-10-17,569.2139892578125,572.8989689898087,569.0282726746998,572.6936844531912,34393700
2024-10-18,571.403564453125,572.1855071059618,569.4388940141822,570.8952748825009,37416800
2024-10-21,570.4652099609375,571.6576620923939,567.5035282712228,570.6802188403536,36439000
2024-10-22,570.162109375,571.3154850600835,567.2884243093201,567.9432944740728,34183800
2024-10-23,564.9523315429688,568.5884509212708,561.462852493989,568.1485895916966,49314600
2024-10-24,566.1741943359375,566.9757049256177,563.5644376745634,566.897492764615,34979900
2024-10-25,565.9786987304688,571.2764839191195,565.0403914237966,568.393014498126,47268200
2024-10-28,567.7283935546875,569.5659916825215,567.4253885260767,569.4389192842264,30174700
2024-10-29,568.647216796875,569.7614568362504,565.3825298731324,566.7704826769054,42899700
2024-10-30,566.9268798828125,570.1622147162088,566.2230897069062,568.1779762445088,41435800
2024-10-31,555.8133544921875,562.6456733933426,555.617853906816,562.5772452055423,60182500
2024-11-01,558.1591186523438,562.5673968338307,557.748609230934,558.4328313722141,45667500
2024-11-04,556.9569702148438,559.586295105694,555.0802957635589,558.2960627771841,38217000
2024-11-05,563.6914672851562,563.7305435334926,557.6508758763042,557.8658847297456,39478300
2024-11-06,577.7080078125,578.57794657906,572.1854895240832,575.9095457320777,68182000
2024-11-07,582.175048828125,583.1916281449353,579.6239358735802,579.7021480498912,47233200
2024-11-08,584.6968383789062,586.1141431643453,582.7223837264295,582.7223837264295,46444900
2024-11-11,585.2540283203125,586.632197284842,583.5337183657143,586.2803319736955,37586800
2024-11-12,583.435791015625,585.7718346072201,580.9628314181381,585.1756086538937,43006100
2024-11-13,583.7192993164062,585.7132619411553,581.5396200997641,583.8952319310844,47388600
2024-11-14,579.9658813476562,584.3252993650702,579.2817188550297,583.846361756873,38904100
2024-11-15,572.537353515625,576.886987680586,570.689971552463,576.4177743775998,75988800
2024-11-18,574.8832397460938,576.1929802203847,572.1366267509276,572.9967218779136,37001700
2024-11-19,576.9846801757812,577.7079785622685,570.8561521859538,571.5208063697094,49412000
2024-11-20,577.18017578125,577.4636128156191,571.4425893061045,577.0628873767942,50032600
2024-11-21,580.2787475585938,581.6960522761343,574.1990788649406,580.0148784351488,46750300
2024-11-22,582.0772094726562,582.7027874385594,579.7704578390868,580.2689037579424,38226400
2024-11-25,584.051513671875,587.306355736448,581.77405489745,585.9966155941107,42441400
2024-11-26,587.1013793945312,587.7660337218474,584.5795588155904,585.293073379337,45621300
2024-11-27,585.3223266601562,587.2967213513849,583.807301635719,586.9155638447446,34000200
2024-11-29,588.9583129882812,589.7402555167076,585.8598351444666,586.13348818314,30177400
2024-12-02,590.0140991210938,590.6885373789082,588.8802314936704,589.3689531396692,31746000
2024-12-03,590.2877807617188,590.5321415965333,588.7532472184814,589.7795507930211,26906600
2024-12-04,593.9531860351562,594.1975468669885,591.3043527994741,591.9690071030493,42787600
2024-12-05,592.9756469726562,594.7546007001943,592.6237817496434,593.9530901421784,28762200
2024-12-06,594.0997314453125,595.3313193862531,593.3275728171593,593.7380822446739,31241500
2024-12-09,591.0404052734375,594.1486677967985,590.4539631589937,593.9825191407734,34742700
2024-12-10,589.2027587890625,592.1350884376395,588.5478885385655,591.7147950136848,37234500
2024-12-11,593.7576904296875,594.7057817338718,591.841880207483,592.1155929499696,28677700
2024-12-12,590.6983032226562,593.4644247000379,590.6983032226562,592.8975505621333,31543800
2024-12-13,590.5809936523438,593.4351111707817,589.2125492712078,592.7215967057723,35904700
2024-12-16,593.1027221679688,594.0704410234347,591.5584049068509,592.3305635374098,43695200
2024-12-17,590.6590576171875,591.519212300668,589.2906730995711,590.5613371724975,55773500
2024-12-18,573.055419921875,592.7312963771194,572.674202761188,590.3561165933274,108248700
2024-12-19,572.8794555664062,579.6238377441589,572.6350947579137,578.020816522432,85919500
2024-12-20,579.76025390625,584.2716011168147,569.7174991420582,570.5609748943081,125716700
2024-12-23,583.2321166992188,583.8303494697157,576.337534899556,579.5053432293004,57635800
2024-12-24,589.7147827148438,589.7540503475091,583.9970921591193,584.5757510081671,33160100
2024-12-26,589.7539672851562,590.8719573339298,586.5567683514358,587.9493923534018,41219100
2024-12-27,583.5458984375,586.2625477535164,579.3777835694219,586.0271215733671,64969300
2024-12-30,576.8867797851562,580.3389793589591,573.1501891693375,576.5631809695095,56578800
